Age,EnvironmentSatisfaction,JobInvolvement,JobLevel,JobSatisfaction,MonthlyIncome,TotalWorkingYears,YearsInCurrentRole,YearsAtCompany,BusinessTravel_Non-Travel,EducationField_Technical Degree,JobRole_Healthcare Representative,JobRole_Laboratory Technician,JobRole_Research Director,JobRole_Sales Representative,MaritalStatus_Divorced,MaritalStatus_Single,OverTime_No,OverTime_Yes,Attrition,PC1,PC2,PC3,PC4,PC5,PC6,PC7,PC8,PC9,PC10
50,4,3,4,4,17399,32,4,5,0,0,0,0,1,0,1,0,1,0,0,4.033729272778675,-0.7109858171870244,-0.05916487991448904,-1.6246722258063666,-0.4867336466900948,-0.16930969971206145,1.7025556480654918,1.668107849248657,1.815518579669115,-0.8327282327765563
36,2,3,2,2,4941,7,2,3,0,0,0,0,0,0,1,0,1,0,0,-0.9037523737964088,-0.9927415845550674,-0.7210547408853397,-0.7136552545725914,0.3858283785833425,0.36301208678445596,1.5388200644554795,0.2223753486399925,-0.025040408225440982,0.35898188316078977
21,2,3,1,2,2679,1,0,1,0,0,0,0,0,1,0,1,1,0,1,-3.4313257732112636,-0.8083385634694774,2.895546158432638,1.688173529516158,-0.13503021189228592,0.9092829213457783,1.0860651984616208,0.8756576559194961,-0.17460676426042543,1.1584415895038755
52,2,3,3,2,10445,18,6,8,0,0,1,0,0,0,0,1,1,0,0,1.6878701535478386,-0.7199868857450012,1.6141774187991103,-0.9780450999398854,2.0505250786224063,-0.4597538298662657,-1.3901069990128518,-0.8687293176482527,-1.2387789115219094,0.9222016853072974
33,2,3,3,3,13610,15,6,7,0,0,0,0,0,0,0,0,0,1,1,1.0212651591076698,2.3375628257344285,0.012526511281038814,0.0848124037336912,0.08795381266718011,0.09312272802339687,0.26117756262864555,-0.36083465224960964,0.6351050745510602,0.507537291640074
47,3,2,3,2,10333,28,11,22,0,0,0,0,0,0,1,0,0,1,0,3.1569987011007377,2.2943143310025507,-2.0964884589644734,0.5917783591200115,-0.1248930715855714,0.09690314466654985,0.10799696611653262,0.4688391336402154,-1.3907559528310027,-0.19081146110799913
22,4,2,2,4,4775,4,2,2,0,0,0,0,0,0,0,0,1,0,0,-1.6390016241709127,-0.7410853539803337,-0.05891737697561832,0.33573753996145006,-0.13493959646570863,-0.5741477360498005,-0.3951703627032709,1.5201823185716437,0.685126971573674,-0.7502487974070966
33,3,3,2,4,5368,7,5,6,1,0,0,0,0,0,1,0,0,1,0,-0.7137219346377419,1.8218673956086706,-2.09764462769962,0.33306241247730867,-0.7015432600834555,-2.128760858349167,0.8000531542133332,0.8318568225752901,1.045816097464994,2.013907369708455
40,3,2,3,4,10855,15,11,12,0,0,0,0,0,0,0,0,1,0,0,1.8044251041147827,-0.7772496627755829,-0.5510190630113441,1.0160338055106268,0.0024187693747972677,-0.2330937612189173,-1.0411605443068408,0.5318689435324401,0.3206873569731108,-0.6228212218647347
27,4,1,2,4,5071,8,2,6,0,0,0,0,0,0,0,1,1,0,0,-1.1474400954449901,-0.6129893641163444,0.9859742346003999,0.9064528411668198,-0.6506930147545715,-1.6440706801161198,-1.3051601540473805,1.3346347272152281,0.021416652754153172,-1.4726958576792806
40,1,3,1,4,2406,8,0,1,0,0,0,1,0,0,0,0,1,0,0,-2.0598620807505017,-1.2257142820236193,-0.4954550867394301,-0.9897629569436363,-0.0733058828093743,0.04166240436801257,-0.00744998846519993,-2.140529633968264,1.4562377691865458,-0.590170845062271
55,4,3,3,2,10976,23,2,3,0,0,0,0,0,0,0,0,1,0,0,1.4529140134346439,-0.7027895685012213,0.7706539193104321,-2.0613193555630995,0.28531962638168673,0.4093761910023333,-0.10907865506476397,0.7623321866957348,-0.06831353118069543,-0.9992177678153149
33,1,2,1,2,2313,5,2,2,0,0,0,0,0,0,0,1,0,1,1,-2.076622330798539,2.321403721598049,1.2775423228350724,0.2826006740008831,-0.22228499740047156,-0.8117210298326736,0.198451223597775,-1.2980807157220398,-0.46565649102145024,0.01255705847425678
37,1,2,3,3,10609,17,1,14,0,0,0,0,0,0,0,0,1,0,1,1.1519080307244243,-0.9058803965013393,0.381278223433113,0.3392774700878456,0.2703810143705337,-0.5039621865198858,0.48801368785281435,-0.8777573349808577,0.06646553333790292,-0.4344378342300385
46,4,2,5,2,18789,26,4,11,0,0,0,0,0,0,0,0,1,0,0,3.4528598835224664,-0.5981884736563275,0.7267196285699795,-0.8203339392091521,-0.2851539520383649,-0.24869246008303245,-0.07675513172096479,1.0502107238828595,-0.7424529180976708,-1.2583105105956265
38,3,3,2,2,9924,10,8,9,0,0,0,0,0,0,0,0,1,0,0,0.5417856473855582,-0.7135685143736151,-0.07901634894021399,0.10434055824973054,-0.1125780541214137,1.0559483541475823,-0.4008762059433928,0.2919595744311147,-0.36003183400796374,0.16862830356357636
30,1,2,2,4,4627,10,2,9,0,1,0,1,0,0,0,0,1,0,0,-1.1279999132516811,-0.8754632695441202,-0.9517834518620181,2.411756913940047,0.9651203198053327,-0.09622242572284768,0.47011037999409383,-2.6373960938334875,1.020085882111771,-2.6876339266235703
36,4,1,2,4,5406,15,12,15,1,0,0,0,0,0,1,0,1,0,0,1.020381670109428,-1.2187855399910195,-2.7277801901404715,1.9330289061309336,-1.2526757600492138,-2.7396567170487076,-0.4379861167246839,1.7014661543858178,-0.7391146155753388,0.37600349121293236
40,2,3,5,2,19833,21,8,21,0,0,0,0,0,0,0,1,1,0,0,3.84731068525888,-0.523821589071051,1.40339693991941,0.8625310086564131,-0.6268182424256677,0.5439721980093692,-0.9345486783958584,-0.4960568958629858,-0.3334427670985516,0.5902016069373763
53,3,3,4,3,14852,22,13,17,0,0,0,0,0,0,1,0,1,0,0,3.8200395795799547,-0.8608587340543621,-1.6118941773217865,0.17091339106029102,0.23486213749777868,0.6362122788953121,-0.129013459039838,0.7379398167998116,0.05299690514387082,0.1582962562951071
32,4,3,2,2,5470,10,5,9,0,0,0,0,0,0,1,0,1,0,0,-0.2861965120036508,-0.7921744325999006,-1.3542812287907047,-0.2172371607733763,-0.10434064028907969,0.8689128958961045,0.4457912273686982,1.5883451279687764,-0.4606641272301158,0.25361997764795163
55,4,3,2,3,4035,4,2,3,0,0,1,0,0,0,0,0,0,1,0,-0.5647797728429289,2.2793639097051694,-0.07066896723778217,-2.1397218006159795,2.5387149700327045,-0.6881998450481267,-0.9621631130772976,0.5694735028959051,-0.4345847888198651,0.37283753382981266
30,3,1,2,4,6091,11,4,5,0,0,0,0,0,0,0,1,1,0,0,-0.66822868320387,-0.6895361883718697,1.043857918656749,1.0398410123410353,-0.4758252298488091,-1.7032356806365996,-1.096495452803717,0.5936073751650017,0.055828944008252536,-1.3312440772836125
23,3,4,1,1,1601,1,0,0,0,0,0,1,0,0,0,0,0,1,1,-3.3381532907584677,2.24279640692106,-0.6109062748639446,-1.3422925222505822,-1.0591926311217577,1.7549477102654392,0.2569326209917133,-1.0726210952501591,-0.1709436248266681,0.6958754889746714
51,2,2,2,3,6132,10,0,1,0,0,0,0,0,0,0,0,1,0,0,-0.42742531514604376,-0.9599336383195459,0.6754170710287125,-1.1798821424216523,0.5971836536728226,-0.7902148292815395,0.5321129452017404,-0.3475295840274734,0.30477535496202823,-1.2478859389028714
42,4,2,2,4,6062,8,3,4,0,0,0,0,0,0,0,0,0,1,0,-0.5844700550590369,2.3301653134165883,-0.3459425186659989,-0.5023098488069813,0.15609971236636463,-0.9210646807454448,-0.4566822436418834,1.0372488853570798,0.6998553294598682,-1.0524042962723452
20,4,3,1,3,1009,1,0,1,0,0,0,0,0,0,0,1,0,1,1,-3.1234249298326895,2.559416700589105,0.9112690924702378,0.014332803928336043,-0.5479630581194873,-0.10704603472927124,-0.8651427898893063,0.9762424780098484,0.6306292436133492,0.37968718243187055
29,2,1,1,4,2168,6,4,5,0,0,0,0,0,0,0,0,0,1,0,-1.6669367585065216,2.1820186048567973,-0.5891050232577144,0.9888809343459622,0.09205190804490151,-1.557436774440899,0.06469187058553386,-0.15173661430671886,0.10230534403697898,-0.9505703021916272
43,1,2,4,2,14336,25,10,25,0,0,0,0,1,0,1,0,1,0,0,4.830990207104226,-0.7978369345384528,-0.8731860181136611,1.162826222870498,-0.9841406122288497,0.44523857298694286,2.0050998716521153,-0.5086058943044971,-0.6025230244855291,0.08962588276585892
40,3,2,2,4,4422,16,1,1,0,0,0,0,0,0,0,0,0,1,0,-0.6650902988761612,2.249933019619319,-0.017674221074120044,-0.7389998578971532,0.4082647106419943,-1.1835914068221536,0.03879538947533192,0.32687279335204067,0.8352955691342363,-1.0256097099281203
29,2,3,1,4,3131,10,8,10,0,0,0,1,0,0,0,0,1,0,0,-1.113274419137016,-1.0511648308455797,-1.5328661915416768,0.7216690209748207,-0.6881602335752904,0.8499997241203613,-1.2185414575424105,-1.3947911494395984,0.8433966680582446,-0.032269534425163816
44,3,3,1,2,2342,6,3,5,0,0,0,0,0,0,1,0,0,1,1,-1.2829820156711151,2.165408123615095,-1.4193082042384548,-1.031973060188751,0.35212487519937224,0.3315237214495057,1.0574224859224268,0.5415920251188986,-0.1940853584076101,0.2294853311612334
47,1,3,4,3,17169,26,17,20,0,0,0,0,1,0,0,0,1,0,0,5.509234845639454,-0.6615462069327437,0.04519997179680403,1.386067032729716,-0.8613979055423726,1.2608845227938368,0.3626648073184994,-1.09519716750378,0.6288375667576146,0.5702631006139899
32,1,3,2,4,5309,10,8,10,0,0,0,1,0,0,0,0,1,0,0,-0.39952002121658314,-1.1168051468761033,-1.2405820448324523,0.6946904381354384,-0.5297159023985496,0.6359716454314319,-0.7689556843012224,-2.0593707958190217,1.0134055423096922,0.10858689609957016
38,3,3,1,1,2619,8,0,0,0,0,0,0,0,0,0,1,1,0,0,-1.9428580580809118,-0.6202805182540564,1.8147901209255248,-1.020438849631983,-0.3265939957567695,0.5307945785473136,-0.3033513686774038,0.014278227224326822,-0.6871945964396512,-0.11345464025705296
58,4,1,2,3,5660,12,3,5,1,0,1,0,0,0,1,0,0,1,0,0.32980299761562204,1.763561468012439,-1.7265910687308448,-1.331187590903286,1.3494230674298158,-4.341125408311925,0.28957765525511614,1.0983757330604953,-1.8554726468553144,0.539679830133219
45,2,3,3,4,9380,10,1,3,0,1,0,0,0,0,0,0,0,1,0,0.057858079899570924,2.4812061048991927,0.16157404632912015,1.028119054668006,2.188913749444265,-0.24167099752993967,1.0876577026916612,-1.0947783964521185,1.98032797356756,-1.9584048666174005
56,3,3,4,4,11103,30,7,10,0,0,1,0,0,0,0,0,1,0,0,3.2807805978778957,-0.8459555580902886,0.09911192619767725,-1.3053137661293832,2.724960989650589,-0.6875420772143115,-1.5248016973915743,0.06666319135116995,-0.03317088642058333,0.29807926520415384
37,3,1,2,4,9525,6,3,6,0,0,0,0,0,0,1,0,1,0,0,-0.24054157190313818,-1.0098385681542625,-1.200505324836123,0.2589144285292233,0.15257315734872007,-1.6669413261513681,0.8913515681807542,1.292533760935876,0.11155421073537654,-1.374566399201782
39,1,4,3,3,7880,9,7,8,0,0,0,0,0,0,0,1,1,0,0,0.4832007609131611,-0.7442876297259133,1.3118060429109994,0.3553479052814198,0.1199096535140583,0.8597818369588353,-0.7553225626728942,-1.1960494586623047,1.181605257691157,1.3238285973551325
54,3,2,3,3,10686,13,4,9,0,0,0,0,0,0,0,0,1,0,0,1.3941037872053217,-0.8244012312840415,0.26099371267458016,-0.6807666870125128,0.26768087945844016,-0.4417127030222765,-0.2308199891719144,0.3061741580940455,-0.005691003680663066,-1.2475056444351231
32,4,3,1,3,4025,10,7,8,1,0,0,1,0,0,0,1,1,0,0,-1.3812041435139535,-1.0670883909571935,-0.5601452655057443,0.544747827653348,-2.55217604190039,-1.0840569594824285,-2.0967166563805972,-0.4022244720482312,-0.018026807049009375,1.095699051807032
48,1,3,3,3,12504,15,0,0,0,0,0,0,0,0,0,0,1,0,0,0.6759281698143804,-0.9660764216599076,1.1427531958522867,-1.407636674334958,0.7654097744984931,-0.2925321455507563,1.0281918803702879,-1.0050210701016027,1.0745040552984753,-0.2931568584297772
33,3,4,2,2,5488,6,5,6,0,0,1,0,0,0,0,0,0,1,0,-0.6245003971614689,2.3694168755197706,-0.19602200251848695,-0.9682806898732209,2.160965213905539,0.6798628912992956,-0.7206313290910004,-0.03517983156841441,-0.716089375583929,2.1360379160053733
31,2,1,2,3,6172,12,7,7,0,0,0,0,0,0,0,0,0,1,1,-0.17275491765234083,2.2664013115058212,-0.45266820493393495,1.0447680643977104,-0.15265535605489847,-1.2048491689977945,0.13356574549813863,-0.26643559228956804,-0.6840208873716738,-0.8440275701710049
46,2,3,3,1,10453,24,13,24,0,0,0,0,0,0,1,0,1,0,0,3.3136657232602866,-0.8399029894212884,-1.7765959795530677,0.8186707449218199,-0.05950063406496081,1.5745193177272556,0.1980064971307711,-0.18224148665738035,-1.5725234130677428,0.7866383685196104
38,4,3,2,4,5745,10,2,2,0,0,1,0,0,0,1,0,1,0,0,-0.5252370812719389,-0.9653207653006545,-1.1148788566450776,-1.4286385321549142,2.5760094722607105,-0.8973364561945402,-0.2019871944941041,1.6240819863512799,0.12070173555457875,0.6898101809423158
38,4,3,2,2,4440,16,13,15,0,0,0,0,0,0,0,0,1,0,0,1.0936525157536336,-0.6159260342798679,-0.9049995324127514,0.8087411509971276,-0.3143960633071843,1.6272697407294456,-1.5232925293078645,0.8297824170847283,-0.8768194520945986,0.20618430193269527
43,4,3,2,4,7847,10,9,10,0,0,0,0,0,0,0,0,0,1,0,0.5275371721009952,2.3905536817878534,-0.9190272003815229,0.10798912371680347,0.11429043389675786,0.2970305086886752,-1.204252217601273,0.8916321846700697,0.9340682715809716,-0.02196835619332144
37,2,3,1,4,2326,4,2,4,0,0,0,0,0,0,0,0,0,1,0,-1.7430866878642244,2.177784351429448,-0.34236134295444365,-0.24888417464341453,0.5698692555069403,-0.17901565393197014,0.03343266168345118,-0.3901888192028566,1.3861358349821782,0.22832850063982799
30,3,2,2,4,4152,11,10,11,0,0,1,0,0,0,0,0,1,0,0,0.2833811651438665,-0.8319241064627882,-0.817863942137379,0.9609135062087508,2.0554970408713102,-0.7916562871258862,-1.7809681139908957,0.4636045234736917,-0.8711739987419165,0.6209579446265001
39,3,2,4,2,17123,21,9,19,0,0,0,0,0,0,1,0,0,1,0,3.191897023895632,2.3394547888074526,-1.5841654677006882,0.562924175215342,-0.34808352604993276,-0.1929491483259849,0.7267270611654478,0.7525534755187134,-1.0808904455990274,-0.006398161273674903
43,1,2,5,3,19392,21,12,16,0,0,0,0,0,0,0,0,1,0,0,4.139526005202013,-0.8204124396029042,0.09045538545719131,1.1809081478907857,0.006224895545526983,-0.23689929412096042,-0.05597649311184042,-0.8821586158804383,-0.16346964040459114,-0.15576430004074654
27,4,2,2,1,6811,9,6,7,0,0,1,0,0,0,0,1,1,0,0,-0.4435252202249765,-0.4931605806838657,1.2087452617630925,0.12693287909414724,1.0214978599994262,-0.45938145386870677,-1.668752860311731,0.8063864324295239,-2.7612767432513152,0.6086062084292099
42,3,2,2,3,6244,10,4,5,0,0,0,0,0,0,0,1,1,0,0,-0.34302325759360214,-0.676539375972791,1.2724532229119516,0.0454379212006681,-0.2749224631173526,-0.6904684675715353,-1.0091102823756275,0.2628734410732161,-0.023940022916114093,-0.8483548427314032
31,1,4,1,3,3978,4,2,2,0,0,0,1,0,0,1,0,1,0,0,-2.204803683691157,-1.274950213241961,-1.740296560504426,-0.867141899144989,-0.20946185570922732,1.0880397355416396,1.0946737289794035,-1.610568583717121,1.2124984736020128,0.8401245690597542
39,4,3,1,1,2404,8,2,2,0,0,0,1,0,0,0,0,0,1,1,-2.1018740329759518,2.265007728624308,-0.805591931645555,-1.6885432297585978,-1.095634306215957,1.077352324874039,-0.2936375123177808,-0.577197963013879,-0.9362544627639116,-0.6599136311142049
29,4,2,4,4,16124,9,7,7,0,0,0,0,1,0,1,0,1,0,0,2.3407857098241505,-0.6685434968851888,-0.6045777299375175,0.410933740004162,-1.204567305659108,-0.5036581344440904,1.728413858384415,2.1566645112981466,1.1755774996652164,-0.5438115091913971
49,3,3,5,1,18665,22,2,3,0,0,0,0,1,0,0,1,0,1,0,3.370976226987869,2.757645374532316,2.912994641119685,-1.7453434560096144,-1.4594189206837807,0.044459919272581305,1.4554990811598238,-0.0740994601815491,0.16193263359340543,-0.2600060561279927
38,1,2,1,1,2858,20,0,1,0,0,0,0,0,1,0,1,1,0,0,-1.796764062298086,-0.9028828871612684,3.297977447995289,0.9793535008407154,0.11801222780745996,0.18174332153925557,1.5319198510649636,-0.18716836827305966,-1.4522610388160337,-0.013545851769735
42,1,3,4,4,15992,16,0,1,0,0,0,0,1,0,0,1,1,0,0,2.1058183949162377,-0.6607410849075744,2.9059226713282467,-0.765891622956616,-0.699916537868265,-0.7469413005640491,1.3834739860379628,-0.8642945674695593,2.4296430652934573,-0.13683669698431336
34,4,3,3,3,8628,9,7,8,0,0,0,0,0,0,1,0,1,0,0,0.5171034712227723,-0.8111286333088898,-1.3844019994721304,-0.050366631858793705,-0.0003864571085907217,0.4893640676816335,0.27153918185263587,1.7340597910412394,0.29712653177541337,0.21924429119686373
36,3,3,2,4,6586,17,8,16,0,0,1,0,0,0,0,0,0,1,0,1.0196947257162596,2.3149587503907814,-1.0336148620792498,0.267353812280368,2.2512134292709827,-0.3472232631422813,-1.758239672691471,0.08107223112785138,-0.28624773195563963,1.3579105785982717
27,3,3,2,4,4342,5,2,4,0,0,0,0,0,0,0,0,1,0,0,-1.3346604507667164,-0.8127468725739025,-0.013091678993222113,0.06883820631481792,0.23827100100334925,0.15088599010146592,-0.2919721502998824,0.6677235760889632,1.2963752786771174,0.08051895132382672
40,3,1,3,1,10932,20,0,1,1,0,0,0,0,0,1,0,1,0,0,0.5558776724256673,-1.228804712162958,-0.45811283760972155,-0.8191512125911773,-1.1735070563947947,-3.101767840672148,2.1902315498812555,0.8371303056196283,-1.9043761209359904,-0.11785607458450541
34,4,2,3,3,7083,10,9,10,0,1,0,0,0,0,0,0,0,1,0,0.4848320191216846,2.7350170563890237,-0.8546832312014144,2.6732651541689747,1.1815830974427342,0.1746705020415177,-0.10689092773435735,0.31050105634629166,0.03213040934730196,-2.2861293992666463
43,3,3,3,1,9985,10,0,1,0,0,1,0,0,0,0,0,1,0,0,0.16124560233312848,-0.7689257307819283,1.10170874983817,-2.1406255568356114,2.176455124199537,-0.11689218965643557,0.12934623153528027,0.10410112426576323,-1.6323707342795206,0.6392887294192025
31,1,3,3,4,10793,13,7,13,0,0,0,0,0,0,1,0,1,0,0,1.2031512256325345,-1.0434162948632362,-1.3861564623925597,0.9480784291808901,0.4726875264707849,0.052713543343916695,0.8604361195983343,-0.21053510051177848,1.116229815898021,0.8979552806530751
41,4,3,1,4,2782,12,3,5,0,0,0,0,0,0,0,0,1,0,0,-0.921178153458561,-0.7935926153740933,-0.28009519772422536,-0.6112449487546595,0.3891116267394245,0.29869586373440493,-0.9651301292499305,1.0552778067627384,1.0760739143552136,-0.560167590694491
31,4,1,2,1,5003,10,8,10,0,0,0,0,0,0,0,0,1,0,0,-0.08241975512307899,-0.6227771072386814,-0.2813664731876016,0.8368041216073974,-0.7762051716293821,0.04373701007213956,-0.43699125331159383,1.078708331629508,-2.400735157311006,-1.223223438637565
45,2,3,2,3,5399,12,2,4,0,0,1,0,0,0,0,1,1,0,0,-0.2562760956514709,-0.7983325214403632,1.5707269811937992,-1.0249215718586202,2.2623394853038135,-0.8738346006417024,-1.3127053569624567,-0.6852286737532265,-0.3996974926640473,0.8773140580494836
33,2,2,2,4,4682,9,7,7,0,0,0,0,0,0,0,1,1,0,0,-0.44304056011460974,-0.7508991284453265,0.8311999348671341,1.238482020987674,-0.199715048246503,-0.7922590904004841,-1.2106939642732255,-0.2345482566252559,0.5629651468882928,-0.2904569061744524
36,3,4,2,4,2571,17,2,5,0,0,0,1,0,0,0,0,1,0,0,-0.9551927475468679,-0.9950126329017521,-0.8335940183179273,-1.1441538369077995,-0.347614011835895,1.1221864396580603,-1.0220437364632815,-0.8513782123056951,1.6780406640748875,-0.09098568375628727
33,2,4,1,2,2028,14,11,14,0,0,0,1,0,0,0,0,1,0,0,-0.42893908378841206,-0.9455393117428501,-1.5804354384467927,0.45128414216260565,-0.8546561933166656,2.501034652556972,-1.3127075311588623,-1.8005975316152651,-0.21325026538008496,0.8711959729559878
31,1,3,1,3,2911,5,2,5,0,0,0,0,0,0,1,0,1,0,0,-1.6060845632378897,-1.1094237780827017,-1.0696006272770986,0.022989554578514846,0.6065663117648513,0.17513622095191017,1.4549927070914874,-0.3493062485870412,0.631691900045257,0.6825700796108234
19,3,1,1,1,2325,1,0,0,0,1,0,0,0,1,0,1,1,0,1,-3.6760513564215738,-0.4475083111522324,2.8227301587327336,4.053357350880152,0.7847309539066262,0.08799334929111688,1.8991182588084086,0.9391161822457545,-1.7323806418391479,-2.281911655507215
32,2,4,1,2,2794,5,1,5,0,0,0,1,0,0,0,0,1,0,0,-2.1964723209491783,-1.008566725883111,-0.5459234540909357,-1.0103260406070127,-0.6279781284508656,1.7591055573637364,-0.1319613647894173,-1.628852219387746,0.4245248207059632,0.44753870547406877
36,1,3,2,4,7779,18,9,11,1,0,0,0,0,0,0,1,1,0,0,0.791599536520527,-1.1208779833118674,0.4358203411229538,1.6239995189245293,-1.0035853261238052,-1.8814821336692935,-1.0992630288478655,-1.203774081013664,0.9245051316200107,2.1185567158840257
37,3,3,2,2,4071,19,0,10,0,0,0,0,0,0,1,0,1,0,0,-0.07268416423630152,-0.8954720117637662,-0.9361906080937998,-0.8750967526316131,0.2903505666184846,0.5250015575812086,0.9727775863034847,0.777703139408402,-0.2941423510480906,0.03677512531643483
29,2,2,1,1,2319,1,0,1,0,0,0,1,0,0,0,0,0,1,1,-2.9746008529370083,2.112027959968939,-0.5353158828771915,-0.7779909508694172,-1.1163301815456164,0.09430705659540843,0.7340886382992401,-1.6707338977710733,-1.2334187729740562,-0.7175765835000631
29,3,3,1,4,2514,11,5,7,0,0,0,0,0,0,1,0,1,0,0,-1.061290054287992,-0.966989188346374,-1.6963581704481299,0.30493119650733685,0.3892241036833539,0.23650982467940998,0.23216013370483024,1.0771412361729835,0.9600018614250816,0.3410763603109283
41,2,1,5,3,19973,21,16,21,1,0,0,0,1,0,0,0,1,0,0,5.631263398068497,-0.9224035064918371,-0.257857117772208,2.4435763306450506,-2.5480703727859035,-2.2049741235227507,0.6784040003356588,-0.16787765264906232,-0.5978417715289283,0.6306893615542898
30,3,3,2,4,6347,12,9,11,0,0,0,0,0,0,0,0,0,1,0,0.16209373954614895,2.3622368707714236,-0.9681875049696895,0.9088411113060075,0.043033622039048064,0.3460330821720995,-0.9162927691516665,0.34387885551523156,0.9181491069641151,0.5393669848185478
39,3,3,3,3,13464,9,3,4,0,0,0,0,1,0,0,1,1,0,0,1.3521837461879953,-0.47000099746392554,2.3011884236108875,-0.4473606977837182,-1.2903270889056018,0.1314506544429207,0.5424687312247025,0.4051345409007405,1.3486359827674852,-0.15434649408369258
22,3,3,1,1,2398,1,0,1,0,0,0,1,0,0,0,0,0,1,1,-3.229598685723425,2.2336591368584444,-0.6481847743561832,-0.9328041791297755,-1.2475458776079908,1.0019229164285246,0.3443001580673827,-0.9744347329664632,-0.7606228680206024,0.006065790739244929
31,3,1,2,3,4345,6,4,5,1,0,0,0,0,0,0,0,1,0,0,-0.9569764217785531,-1.1546656701890075,-0.4001247707128256,0.9864335478773538,-1.250215704580614,-2.9034084288730853,0.11195266251276893,0.5549314291858453,-0.7569209850562013,0.15990543377900981
45,4,3,4,4,17650,26,3,9,0,0,0,0,0,0,0,0,1,0,0,2.736653912046897,-0.6833032525752152,0.4351786731695496,-0.9732887391362705,0.23118692704327354,-0.10501748584064892,-0.5923290235403833,1.1460960371217,1.2446295829280327,-0.7242926038529658
42,1,3,2,3,4556,19,4,5,0,0,0,0,0,0,1,0,1,0,0,0.22231877578962156,-1.1061433344685814,-0.9269258800162048,-0.4990886114717303,0.8079121133528461,0.05126068099048841,1.281855944993978,-0.5499307945973777,0.5636339225362482,0.2995513835748528
31,3,2,3,3,8943,10,9,10,0,0,0,0,0,0,0,0,1,0,0,0.7819763698355269,-0.7289659303386138,-0.3059911101336171,1.0257347863965434,-0.2562666619781281,0.02532529631526605,-0.5603783057244006,0.5852621203943155,-0.2779156220103557,-0.35944194200716345
51,4,1,2,2,5482,13,1,4,0,0,0,0,0,0,1,0,1,0,0,-0.08606410737205693,-0.9236259956739552,-0.7973313302037632,-1.2350621111928344,0.10789604265606544,-1.1748159061787664,1.029418194225604,1.52046007862064,-1.3153828025736047,-2.033420029265901
34,4,2,2,1,5343,14,9,13,0,0,1,0,0,0,0,1,1,0,0,0.5073007655461488,-0.49179640141184117,0.7695766661586277,0.4365927901555223,1.0688520335188203,-0.17177774184870967,-2.2338403716638737,0.6235220163105235,-3.042537666079644,0.5882369998758349
33,4,3,4,3,17444,10,8,10,1,0,0,0,0,0,0,1,1,0,0,1.701540146518301,-0.7919426502496423,0.8873275826040982,0.914513549991929,-1.837145094973389,-1.6486064314876694,-1.2302509121408682,1.0295793079462032,0.3197850507185505,1.7216963635602551
40,2,3,2,2,5677,15,8,11,0,0,0,0,0,0,0,0,1,0,0,0.6361640776448408,-0.8013609435133138,-0.16399701087575577,0.26390727192608654,0.1384075252110507,1.0641799067246214,-0.3179211623752177,-0.5062349535960281,-0.41309216683277256,0.3013538957267515
33,4,4,3,3,8380,10,8,9,0,0,0,0,0,0,1,0,0,1,0,0.5194524710573283,2.3450526321350447,-1.7812968960753772,-0.24767575136417003,0.06883499742549457,1.0634757642752275,0.22403806425964964,1.4565562904618186,0.8470987232510279,1.253196031645688
34,2,3,2,3,5714,6,5,6,0,0,0,0,0,0,0,0,1,0,0,-0.5631507748948532,-0.8538114157449641,0.02770859131929128,0.1831794260208511,0.25701156861805674,0.5202742138548856,-0.03826724982057909,-0.22589538995743452,0.5574544158473127,0.29962152590345054
34,2,3,1,4,2691,10,9,10,0,0,0,0,0,0,0,0,1,0,0,-0.4551452493426418,-0.8896994704196257,-0.7521798467164919,1.01012202822566,0.36699419735444777,0.6352259048831663,-0.9124380514170173,-0.2589405885815076,0.9017502669200492,0.3994803497427562
30,2,4,3,1,11416,9,7,8,0,0,0,0,1,0,0,0,0,1,0,1.4486580737841641,2.581737287280087,0.7011856065585866,-0.18594911553559318,-1.180604390729636,1.9328680917116132,1.7448780060731972,-0.5323872783126913,0.3497376161697798,1.504454863141286
45,4,3,2,1,3633,9,8,9,1,0,0,1,0,0,0,0,0,1,0,-0.503774035790638,1.9614437249539396,-1.669232071889181,-0.5877438722594632,-2.2760604108539835,-0.4643748243971966,-0.7470632492084505,-0.7734686714689093,-1.3502198953007407,1.0617482104969778
37,1,3,3,2,8834,9,5,9,1,0,0,0,0,0,1,0,1,0,0,0.555804054106276,-1.3562862354557375,-1.1824778405569552,0.35601771785724984,-0.7039692669929142,-1.4489258415456177,1.758704126402189,-0.5556399709543045,-0.2138516118658497,2.272749443224947
31,4,3,2,4,7547,13,7,7,0,0,0,0,0,0,1,0,1,0,0,0.0988951494673728,-0.8560171114664226,-1.6415343938219087,0.16409607311426583,0.1630238585149822,0.2472578295410547,-0.04413403617456416,1.8001471095869495,0.917028051906976,0.14672974878076872
32,4,3,1,4,3068,8,7,7,0,0,0,1,0,0,0,1,1,0,0,-1.5879907701206728,-0.7751035976226791,-0.3547855030451795,0.3053203996922025,-1.3121344830931307,0.5024940937253698,-2.485240192795704,-0.19057118133064066,0.8219541442937985,-0.47507937190187793
30,1,3,1,3,2132,7,2,5,0,0,0,0,0,0,0,0,0,1,1,-1.752052649309776,2.1730037761858623,-0.1656007698824184,0.10520976152712119,0.4359546279708775,0.12129768469741851,0.55370366736262,-1.1113411237619097,0.6990875111209593,0.6757329261871615
33,3,4,2,1,5376,10,3,5,0,0,0,0,0,0,0,0,1,0,0,-0.6791845257161759,-0.6806331277534192,0.43003990988847784,-0.869207707382333,-0.002206699020254855,1.8783608388695114,0.1525914726015287,0.1717424426398096,-0.2914422381096992,0.8433079762183632
38,3,3,3,3,7861,10,0,1,0,0,0,0,0,0,0,1,0,1,0,-0.6118309805782877,2.4801582352086067,1.5755264363763086,-0.892457021210137,-0.14729753527518355,-0.5978342696615406,-0.34004084715070715,0.1339417262792003,0.8934620972003862,0.008269082953166971
41,3,3,2,1,3072,17,0,1,0,0,0,0,0,0,1,0,1,0,0,-0.6693116899696575,-0.9013404022677236,-0.4360104528023536,-1.7080694200436588,0.31667884891105974,0.5607141903942672,1.5256563269285808,0.668662732377942,-0.7719300457238676,-0.15782480853700362
51,1,1,3,4,10650,18,2,4,0,0,0,0,0,0,0,1,1,0,1,1.0350066313407653,-0.8913051517519456,1.8033088482736963,-0.03744267418354959,0.2134210937432955,-2.3078914534478874,-0.20293242460711813,-1.0059556249057322,0.43707412320283956,-1.6697501153830996
38,1,2,2,1,6288,13,3,4,0,0,1,0,0,0,1,0,1,0,0,-0.06615326579311158,-1.0793758638424553,-0.5118931449221792,-0.8928985142765175,2.358849469194209,-0.8927155351142476,1.4029183715365976,-0.6797459861139199,-2.4046696916254056,0.8085253596348225
27,2,2,2,3,3540,9,8,9,0,0,0,0,0,1,0,0,1,0,0,-1.0500355593928181,-0.961156888408725,0.8855973493330608,2.7647695694158765,0.18503776222783022,0.6582563825292476,0.8796096505230535,1.053140167406168,-0.5117131451987369,0.4527435698514534
53,4,3,4,4,14275,33,9,12,0,0,0,0,1,0,0,1,1,0,0,4.514417819603661,-0.39636591761944334,1.6277007327871151,-0.3364807393809866,-1.1303494786069475,0.17606368229889605,-0.9026775847578228,0.8161778829961063,1.4955175728856456,-0.7045086501527594
30,4,3,2,3,5301,4,1,2,0,0,0,0,0,0,0,0,1,0,0,-1.4342157747028477,-0.7139188960362787,0.23352789107890473,-0.6014326018936403,0.011572134797332673,0.40723844633665796,-0.2127394913222179,1.2431704045831753,0.6266335260251447,-0.20851368981319524
30,2,3,1,4,1081,1,0,1,0,0,0,0,0,1,0,1,1,0,1,-3.263025233777903,-0.9277099742585077,2.5900103722720083,1.5882215983562056,0.37255847318738455,0.2446997445522932,0.5394128424023334,0.9419495935455227,1.230124653209197,0.7797772506258843
30,4,1,1,3,3833,7,2,2,0,0,0,1,0,0,0,0,1,0,0,-2.1519152468083234,-0.9419367077156298,-0.8512646544720457,-0.26938839196113573,-1.2273414348402185,-0.7726456213225193,-0.6423635883406459,0.1163692776060119,-0.7341685381431717,-2.229125461032898
58,4,3,5,1,19701,32,8,9,0,0,0,0,1,0,0,0,0,1,0,5.25913016457518,2.7053033121329615,1.1075068564461825,-1.7584508201594793,-1.161940499292855,0.8594071524005304,1.179376272094663,0.5342492180820181,-0.31757454017444764,-0.6149450920817218
34,2,4,2,4,9725,16,1,15,0,0,0,0,0,0,1,0,1,0,0,0.5746733392227753,-0.9885672755541011,-1.2555016802259569,-0.1908828011361123,0.6645727880617389,0.7424169453021583,0.6561268982555081,0.3022918258861534,1.6988892480022133,1.0957187307415137
51,3,3,2,4,4936,18,7,7,0,0,0,0,0,0,0,0,1,0,0,0.7788492374486354,-0.8590987009226585,-0.2840123627755198,-0.48507103310203364,0.6058657338750326,0.2768422700363019,-0.9644679899143079,0.22763839477569311,1.0342702604208396,-0.4939883347186186
39,3,3,4,1,17068,21,9,21,0,0,0,0,0,0,0,0,0,1,0,3.2489958599973896,2.554830382998815,-0.28132647132491123,0.369282211806708,-0.5224909051176291,1.18638884732094,-0.26772276939873474,-0.000995710506494326,-1.2059238486498216,0.6002406620007377
36,2,3,3,4,9980,10,3,10,1,0,0,0,0,0,0,1,1,0,0,0.3896211711564284,-1.054643452453697,0.9420492731244704,0.8065709565084527,-1.1064104620796227,-2.2100732373550502,-0.7441219121225109,-0.36844319968268824,1.2180923818242624,1.7797662447160536
32,3,2,2,2,5228,13,12,13,0,1,0,0,0,0,0,0,0,1,0,0.4444942080317648,2.7067594719454022,-1.1058944309099958,3.292326922432671,1.0928177859438626,0.7536812817551853,-0.03425433486654893,-0.5538540205764043,-0.8654880466679514,-1.8405300890610052
56,1,3,1,3,2942,18,4,5,0,0,0,0,0,0,0,0,1,0,0,0.048479659960412,-1.0283370356735524,0.19495384365105436,-0.9305947335525936,0.9571411925410221,0.28918699881069476,0.05630629202145819,-1.3436018596572938,0.5887468048135933,-0.32831546856975874
57,2,4,2,3,4900,13,9,12,0,0,0,0,0,0,0,0,1,0,0,1.1422786480880593,-0.8855050016215072,-0.35454772613483954,-0.4720314726909638,0.7261347395575579,1.5126440783651078,-0.8463235844380858,-0.7132749192514036,0.8573969605480409,0.5859504901833804
57,1,2,4,4,14118,32,0,1,0,0,0,0,0,0,1,0,1,0,0,2.552390544493679,-1.165731349989857,-0.0028692133275527183,-1.722341280683238,1.125366210611791,-1.7993994126769555,1.8642477856338506,-0.45206240075300486,1.1039607980786197,-1.2834109684415542
40,4,2,1,4,2342,5,2,4,0,0,0,0,0,0,0,1,0,1,0,-1.7829168876076427,2.450967305745672,0.6438503734582028,-0.1077870533388883,-0.24075576866660311,-1.1758595551650788,-1.344061481377698,0.8568860737011622,0.6643906356996275,-0.8906303129961213
23,4,3,1,1,1790,1,0,1,0,0,0,0,0,1,0,0,1,0,1,-3.3472598864172456,-0.7738724305127475,1.666483466283432,0.8260574676288274,-0.10602263080463145,1.7502342331865113,1.44524710158283,2.268244454414951,-1.0566383536237605,0.6356194681884573
53,2,4,3,4,7005,11,3,4,0,0,1,0,0,0,0,0,1,0,0,0.724931748231083,-0.9756120715393799,0.39460552085621925,-1.7833998459347375,3.0855166136982968,-0.1507706826496799,-0.8132054560585965,-0.5570353584951914,0.9283428846718765,1.2725947785211091
38,4,2,1,2,2440,4,3,4,0,0,0,1,0,0,0,1,1,0,0,-2.169009185532822,-0.7649599086878776,0.3237236416389973,-0.507682403334181,-1.5618237552329215,0.04441058157676984,-1.5270029254698922,-0.33390732838080617,-0.9008456060035924,-1.4070941176188139
36,3,3,1,2,2143,8,2,5,0,0,0,0,0,0,0,0,1,0,0,-1.4370934762591503,-0.782236672177844,0.12471183831345813,-0.5664477841259233,0.13487168359202645,0.8489727432808578,-0.0723257423247056,0.26286108908839884,-0.2006610498847558,-0.07194470900997592
29,2,3,3,4,7918,11,10,11,0,0,0,0,0,0,0,0,1,0,0,0.838934210226244,-0.816016346950227,-0.4929949387398061,1.2802349510284092,0.14767495413180912,0.511493324544495,-0.7067928193317563,-0.08113499945608639,0.991421337259703,0.6184159549652537
38,2,1,3,3,13206,20,16,18,0,0,0,0,1,0,0,0,1,0,0,3.9401689559274757,-0.6332640639139621,-0.23842052456622717,2.1771531464522735,-1.3833954295683388,-0.10637937257044684,0.2866019812510826,-0.14962608190637047,-0.6062202985558843,-0.8771662256002053
47,1,3,3,3,8633,25,14,17,0,0,1,0,0,0,0,1,1,0,0,2.9323291031698173,-0.7641947505563199,0.5901349394034612,0.8870960353175332,2.0637145679245097,-0.1519529543984506,-2.3176575125729926,-1.532916236737553,-1.0419606806032229,1.6002977009421764
32,4,3,2,3,4883,10,4,10,0,0,0,1,0,0,0,0,1,0,1,-0.8375353631914475,-0.8617045562609688,-1.1137966768411158,-0.3710250454117119,-1.0436804796226706,1.0075320493936466,-1.2265234762555797,-0.09012061460428945,0.20601343065609898,-0.5960993349989753
36,2,2,2,2,6499,6,5,6,0,0,0,0,0,0,0,1,1,0,0,-0.5839163925148932,-0.6887407961528802,1.370104809183541,0.5532032696726283,-0.4538511843960285,-0.33064820666789796,-0.5044901578070649,-0.4210349115338195,-0.686302599121864,-0.3029198281174235
49,1,2,2,1,4284,20,3,4,0,0,0,1,0,0,0,1,1,0,1,-0.31106432378069243,-0.9552735231802885,1.0554357480469168,-0.9366354445500833,-1.0313854477773154,-0.1243553450004289,-0.35952166855238504,-2.6928756445892272,-1.3649334922064809,-1.2097670853158837
34,3,2,1,1,4381,6,5,6,0,0,0,0,0,0,0,1,1,0,0,-1.2704121825332582,-0.5866268585298705,1.2360189287763717,0.38568209864823255,-0.7534613171341815,0.18941925814331814,-0.7262173341262415,0.13077671971184265,-1.552113144429565,-0.4053862240713438
39,1,3,2,3,4534,9,7,8,0,0,0,0,0,0,0,1,1,0,0,-0.20333319221804316,-0.7892715461590444,1.0787416869778454,0.7289181823383225,0.03548989623980292,0.20865836098618207,-0.8269651025823066,-1.185962089645663,0.511963891747579,0.5712962474708427
30,3,2,3,3,8474,12,8,11,1,0,0,0,0,0,0,1,1,0,0,0.601255981469895,-0.917489527477556,0.5300164711411316,1.6683292804845804,-1.7457836468714298,-2.2585053963328483,-1.1733787179050363,0.319623544244247,-0.39155630243904177,1.2598034430586518
51,2,3,3,2,10596,14,2,4,0,0,0,0,0,0,0,0,1,0,0,0.8998318724849562,-0.850979612859223,0.8508883480642652,-1.369361889295014,0.45194153523846897,0.33497645404244475,0.5714566789174571,-0.49810282103808373,0.11996069848634447,-0.3447094088054553
60,1,3,2,1,5405,10,2,2,0,0,0,0,0,0,0,1,1,0,0,-0.1519951057042142,-0.8166755892598496,2.107199004033246,-1.4473703966710523,0.2671422483294167,0.250244198679253,0.1599251177360278,-1.6115851259138672,-0.5023652126615088,-0.20121393306333688
50,2,3,2,3,6728,12,3,6,0,0,0,0,0,0,1,0,1,0,1,0.24716127690804657,-1.060747978228745,-0.9166205538634575,-0.9990047763793356,0.7464986420843317,0.053564190299222665,1.0662062365047549,0.10233169750892461,0.5993473363591069,-0.061367820490365405
45,4,3,1,4,2132,8,4,5,0,1,0,0,0,0,0,0,1,0,0,-1.0703363981600025,-0.5347374698281597,-0.48209474905525235,1.3939871930713967,1.968839656917423,0.6944921042018642,-0.3790485720230944,0.3090350639293553,1.4324881653471295,-2.4460729679508666
56,4,1,3,4,7260,37,4,6,0,0,0,0,0,0,0,1,1,0,0,2.136320155556735,-0.6564118874692874,1.2996920409562782,-0.6440734540317343,-0.04676164429804936,-1.9459989959410593,-1.6528594235615104,0.7942821784885954,-0.09462025195120151,-2.541468014388664
46,4,3,3,4,8578,12,8,9,0,0,0,0,0,0,1,0,1,0,0,1.213120230116517,-0.8862943104041672,-1.5730025383655648,-0.32118117187837314,0.36449286571830997,0.16587634411724456,-0.14977019855459697,1.645296659100612,0.9515633110572457,-0.15758480837373676
42,2,3,1,2,2766,7,3,5,0,0,0,1,0,0,1,0,1,0,0,-1.5645062742762894,-1.2068955734538371,-1.8596640713140806,-1.111026076162108,-0.47930885716549343,0.7804363353620962,0.8050901189930885,-1.1403271336132224,-0.25321846931254427,-0.27767180346821113
60,3,1,3,4,10883,19,0,1,0,0,1,0,0,0,1,0,1,0,0,1.372115875179757,-1.1265900016564334,-0.4510496269008656,-2.1239941453989957,2.846591411500064,-2.997309600402797,0.5650716095893638,0.8506444196494628,-0.7318184687864259,-1.3797059664927849
53,3,2,3,4,10169,34,7,33,0,1,0,0,0,0,0,0,1,0,1,4.0120359021153185,-0.48250118110003665,-1.1261978906243624,3.0126565734883965,1.7197400755643302,0.4139858102086896,-1.118608661937419,-0.5674401525937542,0.22658862567744914,-2.8263730559694906
39,1,3,2,1,5151,10,0,10,0,0,0,0,0,0,0,0,1,0,0,-0.3978629840349641,-0.8720144269532671,0.6304975704019814,-0.5317246051692566,0.25973827537959815,0.898762926829349,0.8913128878289208,-1.2055974305804644,-0.6969679410048589,0.33529202364164656
48,4,2,5,2,19665,29,10,22,0,0,0,0,1,0,0,0,1,0,0,5.816250832900359,-0.4045838826339773,0.5025815174375065,0.28034353838596043,-1.506607165064851,0.6278951694622416,0.28163911469562164,0.9932513661657774,-0.6217568652312869,-0.9951225332936395
37,3,3,2,4,6502,7,4,5,0,0,0,0,0,0,0,0,1,0,0,-0.48997593436523734,-0.8303502734995362,-0.06590007363726201,-0.15615792271956544,0.3489783556005171,0.17549105304693374,-0.47890323250045386,0.52947206401406,1.2468465200128498,-0.12678891677813894
41,4,3,2,4,5467,12,2,6,0,0,0,0,0,0,1,0,0,1,0,-0.397257056631151,2.2058236793692294,-1.5689650696930522,-0.9513394617689799,0.4486082644312737,-0.3555898589618318,0.4428070907574128,1.4926181135736245,1.1755823405211354,-0.10271199013520663
21,1,3,1,4,2610,3,2,3,1,0,0,0,0,1,0,1,1,0,0,-3.0455623412337776,-1.291224261121917,2.1222561404907734,2.820615600187466,-0.7878420112606788,-1.5573705766864423,0.8910879537527991,0.2557959487361778,1.0574667485662932,2.834808332271545
32,2,3,2,4,4403,8,2,5,0,0,0,0,0,0,1,0,1,0,0,-0.8912526338453528,-1.0529716256414776,-1.1378781714156394,-0.12386583353243312,0.6192144841316799,-0.17250303273513234,0.9949266026196215,0.4541271762722597,1.3011704682114051,0.36473601386693266
37,4,2,1,3,2090,7,0,0,0,0,0,1,0,0,0,1,0,1,1,-2.64811172646722,2.3076055183748414,0.24378550511292207,-1.0044155553723368,-1.3295328276679086,-0.827992520515738,-1.2311285705475696,-0.40469496095086027,0.016781496031970426,-1.4527510388881375
45,1,3,3,1,5210,24,9,24,0,0,0,1,0,0,1,0,1,0,0,2.0576730354755854,-1.1235910099300712,-2.40929580572451,0.23366509670127691,-0.7483534911556179,1.6122229549200398,0.261594940809496,-2.0979053509889365,-1.5076846700201474,0.34174820473525264
41,4,3,3,4,13591,16,0,1,0,0,0,0,0,0,0,1,0,1,0,0.31848386947239554,2.5337722240147706,1.5443786597321796,-1.1736829483509328,-0.13570843426753162,-0.9503954905343459,-0.7930435419599081,0.8930431712308651,1.554562584264216,-0.42913391191403016
42,2,4,2,2,2372,18,0,1,0,0,0,0,0,0,0,0,0,1,0,-0.7757333558815679,2.274493765713183,0.4361941704321003,-1.704417042004542,0.6280381415763534,0.8772133664352395,0.6175329767804802,-0.7779359831518988,0.6652424932413488,0.6679921404911132
42,3,3,2,2,6825,10,7,9,0,0,0,0,0,0,0,0,1,0,0,0.3122331654454825,-0.7430574875981254,-0.08469875476702586,-0.15990096891148145,0.028020323832901727,1.0241323283009736,-0.43098683109661984,0.2133707343469856,-0.3544151270249745,0.02366824752462565
24,4,3,1,2,2033,1,0,1,1,0,0,0,0,1,0,0,1,0,0,-3.3185372905030657,-1.1573899060311081,1.1743150625045593,1.2900693189109205,-0.9980846644044272,-0.48358975727840264,1.4016112790367965,2.2556243898655537,-0.4662153838343543,2.0529593163333564
33,1,3,2,1,8224,6,2,5,0,0,0,0,0,0,0,1,0,1,1,-0.9423970752836107,2.425160567440491,1.6219641806397884,-0.09564815733501328,-0.3658149341440204,0.20352553067623966,0.44664682479584167,-1.403286778850497,-0.5377330145933809,0.8740719570504072
43,4,3,2,4,5562,12,2,5,0,0,1,0,0,0,0,0,1,0,0,-0.12844081551261569,-0.8223507236567773,0.010069091339320739,-1.3571439352840602,2.507146634013874,-0.6181688192668889,-1.4070520363091785,0.9664348288392666,0.09655003191371767,0.3510031835073732
38,3,3,1,3,2684,3,1,2,0,0,0,0,0,0,0,0,1,0,0,-1.8388117882349968,-0.8455669260377203,0.17036077781436273,-0.7340247763402814,0.3511687129718313,0.39049438034543105,-0.06984832370492733,0.396032808531317,0.6540511985038676,-0.22892132394076084
33,4,3,2,3,6388,14,0,0,0,0,1,0,0,0,0,1,0,1,0,-1.0042055226501068,2.515644245223371,1.3634374175705475,-1.3826913090322461,1.793932317757801,-1.1586518099443661,-1.4130456910474303,0.6741831722367742,-0.3878904800978653,0.8397619008370965
53,1,2,3,4,10934,35,2,5,0,0,0,0,0,0,0,0,0,1,0,2.138922995836581,2.1238139135321066,0.4008533729122816,-1.0063876675530874,0.8650526059772515,-1.502601245477083,0.5191759203479757,-1.2707566551941485,0.9084651212248425,-1.0819637813825282
43,3,3,3,1,10820,18,7,8,0,0,0,0,0,0,0,0,1,0,0,1.4727644446780825,-0.6708423080125854,0.3831368896437247,-0.590018969348541,-0.12964804354721804,1.1376669197097635,-0.03321155848679403,0.12435235306267886,-0.9821587215681528,-0.04194805914908729
42,4,2,1,1,2593,10,6,9,0,0,0,1,0,0,1,0,0,1,0,-1.116995661754053,2.1196364697013252,-2.5714143327387196,-0.8366663250348362,-1.2017519106705796,0.4531446258086394,0.25890570233389887,-0.03432621344751231,-1.8656778684729765,-0.977436379287502
29,2,1,1,1,2119,7,7,7,0,0,0,1,0,0,0,0,0,1,1,-1.7515924808064767,2.140266210928537,-1.2574874398544862,0.5712771454265588,-1.4370023355085808,-0.17306050205893964,0.034067985257869214,-1.6934447808132842,-2.242546331423213,-1.1402433203181237
29,2,3,2,3,4335,11,7,8,0,0,1,0,0,0,0,0,1,0,0,-0.14125175797994438,-0.8640603345417194,-0.22663307488595766,0.20334635631042533,2.2632714358566433,-0.018072257006297984,-0.9779798473821287,-0.36106578349147606,-0.7392672456858949,1.4812604854001752
37,2,3,1,2,3022,8,0,1,0,0,0,0,0,0,0,0,1,0,0,-1.6897547000059518,-0.8772359873345476,0.5525946381710117,-0.9131522443642595,0.37376563498433785,0.5263448663553869,0.5756981145450447,-0.3998135975804814,0.05966657512863412,-0.05089239009343469
50,1,3,5,2,18172,28,3,8,0,0,0,0,1,0,0,0,0,1,0,4.2697582592877765,2.4351131812571865,1.5221058870649904,-1.2928459625737714,-0.5971866300441058,0.10677026375570452,2.3505999462188703,-1.2738290639621868,0.8119093702661775,-0.0038760885891947505
29,4,3,2,3,4649,4,3,4,1,0,0,0,0,0,0,0,1,0,0,-1.2880411504165616,-1.040976737031012,-0.3638376319632329,0.14952546242020473,-1.125649798866355,-1.3271929521403347,-0.2671753229078515,1.1297116311013227,0.3816916713020927,1.447883851721786
33,1,3,3,4,13458,15,14,15,0,0,0,0,1,0,0,1,0,1,0,2.92620067848354,2.5611862781060544,0.8361719684288743,1.979905959776266,-1.3000595122933523,0.2579242019080721,-0.12432540282648044,-1.1189541008616821,1.550701333484353,1.1464842773452053
55,3,2,4,1,16756,31,7,9,1,0,0,0,0,0,0,1,1,0,0,3.3822786239666764,-0.8719418067659991,1.5578360238084865,-0.3585223208376049,-1.5953002745132194,-2.169969364139866,-0.501725507198535,-0.2132120751228656,-1.6100207519480134,0.395557965688642
51,2,2,3,2,12490,16,9,10,0,0,0,0,1,0,0,0,1,0,0,3.0401075203131738,-0.6764188976173229,0.7632594603448865,-0.05205015576955398,-0.9335967531139068,0.33354328694460134,1.1970851127717426,-0.4128594312300044,-0.23818010117898367,-0.8105703422960775
30,1,1,1,3,2613,10,7,10,0,0,0,0,0,0,1,0,1,0,0,-0.6836727462446066,-1.1070231494624139,-1.6416481914818242,1.4665394365098245,0.16907867985056646,-0.9886091763819982,1.0507534193417802,-0.2574014064121549,-0.8543852880515407,-0.5326895993320724
49,1,2,5,3,18711,23,0,1,0,0,0,0,0,0,0,0,1,0,0,2.569252860513747,-0.9244672211249433,1.544650893279739,-1.3117340075480355,0.5524786613391286,-1.3217361890714434,1.3571429412670721,-0.860836319011394,0.6057020635384881,-1.1035321521901618
47,3,4,2,3,5067,20,10,19,0,0,0,0,0,0,1,0,0,1,0,1.5820742906719116,2.236400699058147,-2.334697862661915,0.017779888848631773,0.4295851190943954,1.3814946110750448,-0.29877121000304163,0.39121165579874223,0.49968182281469614,1.203741200945055
31,3,3,1,2,2501,1,1,1,0,0,0,0,0,0,0,1,1,0,0,-2.4171491094284323,-0.6371010735358855,1.4855133075037639,-0.28891962920552045,-0.36363373189881093,0.36870173562102004,-0.5682530765817538,0.2469441128219103,-0.01788739565376909,0.15986321472140838
47,2,3,1,3,2105,7,2,2,0,0,0,1,0,0,0,1,1,0,0,-1.8908798973989012,-0.9798082521847816,0.5772988623352623,-1.0216057011998532,-0.7330709219572323,0.1672456888287607,-1.1298080800579025,-1.8151340878545645,0.6186062898680454,-0.689595571801366
58,1,3,1,3,2372,2,2,2,0,0,0,0,0,0,1,0,1,0,0,-1.1170500107900634,-1.2242091297428603,-0.8386297782317692,-1.3424028695912984,1.1322627904978106,-0.07889124610625355,1.4564590499439127,-0.6748452762164319,0.7973149575052307,-0.08388317590398793
41,2,3,5,3,19545,23,15,22,0,1,0,0,1,0,0,0,1,0,1,5.613055439064573,-0.2666426930849721,0.03295333508884603,3.405733928180799,0.3712121079121207,1.5928119491332953,0.968758719209009,-0.9586451557317791,1.017739874016391,-1.3171969025916348
29,4,2,1,1,3785,5,4,5,0,0,0,0,0,0,0,1,1,0,0,-1.7014772612655946,-0.5007671373239393,1.2022802548947316,0.3017500874161341,-0.9571691764601126,0.23836929207813679,-0.9235179291059686,0.8918654024037748,-1.5906355942425905,-0.5178010533441143
50,4,4,1,3,3221,20,8,20,0,0,0,1,0,0,0,0,0,1,0,0.5041916520494594,2.250056318550959,-2.107943480998263,-0.647391081880351,-0.7104885478048907,1.9447857096387458,-2.118184867020033,-0.7879982727112022,0.36287162776205356,0.07364019936245206
32,3,2,1,2,2837,6,2,6,0,0,0,1,0,0,0,1,1,0,0,-2.1587862210688997,-0.8131662891687625,0.395998146339028,-0.09106599938915082,-1.5249567521120986,-7.91868156916895e-05,-1.1841530642600993,-0.954589001250251,-0.8575195283953315,-1.060702186590126
44,2,3,5,4,19049,23,7,22,0,0,0,0,1,0,1,0,0,1,0,5.027711543201328,2.3517133834638284,-0.965764070288008,0.2999292524420784,-0.6830714676078287,0.0023422983819004844,1.8529508205243632,0.2182354889194972,1.6456121362803888,0.5494463152398787
38,3,4,1,3,2844,7,6,7,0,0,0,0,0,0,0,0,1,0,0,-0.9327640049786826,-0.7909527470752744,-0.33963939616508754,-0.2594188586033121,0.3577579523482505,1.5522764755163554,-0.7590978528802446,0.24204279617082738,0.9073654896011893,0.7480384905297106
45,2,2,1,3,2274,1,0,1,0,0,0,0,0,0,0,1,1,0,0,-2.017765570138043,-0.8287597416279587,1.54688137868328,-0.41214453551579106,0.07732471531769669,-0.9468525590186441,-0.37151486200224865,-0.43795714423444626,0.2636434585636097,-0.8616840747650915
46,1,3,3,3,10527,28,2,2,0,0,1,0,0,0,0,0,1,0,0,1.5801771007263543,-0.9797899487083102,0.9188812267220988,-1.6273505626029348,2.8782049746651723,-0.8688320521610772,0.0009277351024096992,-1.2434031031039896,-0.2797600580562824,0.7062677980150414
34,4,4,1,4,2932,6,0,5,0,0,0,0,0,0,0,0,0,1,0,-1.8365751379127533,2.3615922589538703,-0.40927564505474706,-0.93724318576906,0.39565986352782406,0.7020860476046413,-0.5900533293977059,0.934266893107683,1.8300677395711924,0.5524704826171695
55,3,3,2,2,6385,17,7,8,0,0,1,0,0,0,0,0,0,1,0,1.0578664230398898,2.297817856156893,-0.24519970194821733,-1.4806790585731797,2.401700227819655,-0.13584504944547568,-1.0008543288353995,-0.3316271502115838,-1.4098206731717116,0.7699071131196507
19,2,4,1,4,2994,1,0,1,0,0,0,0,0,0,0,1,0,1,0,-2.930401063205168,2.395460671989788,1.0219645248306344,0.20506564334914867,0.0019203016601928356,0.16938928298315956,-0.48907155830137444,-0.3422403555218159,2.0913501026952366,1.4857383941417275
32,1,3,2,4,6162,9,8,9,0,0,0,0,0,0,0,0,0,1,0,-0.10108636624468137,2.1881317626097476,-0.6352203849960174,0.956613880513094,0.4042060586513657,0.06856886477761252,-0.10918444527524993,-1.019158025177951,1.1884663381165563,0.8552616247270404
40,3,3,2,3,3975,11,7,8,1,0,0,1,0,0,1,0,1,0,0,-0.4638659012313826,-1.4579902482646587,-2.6981434934141735,-0.1557433624503471,-1.6924498041222789,-1.16754177732329,0.11605042673585882,-0.44134109932810356,0.06861142460372414,1.2000135195217638
30,3,2,2,2,5209,11,8,11,0,0,0,0,0,0,1,0,0,1,0,-0.05400461589936364,2.2634544903811564,-1.870857981411088,0.6921821231314792,-0.249703641077776,-0.06111970565869871,0.7397748646084213,0.7881705755610555,-1.0753757993475919,0.14574611365610085
48,4,3,1,3,2259,13,0,0,0,0,0,0,0,0,0,0,1,0,0,-1.2221958288197745,-0.8042620780601445,0.3050816668627919,-1.712038720046083,0.4911862577155791,0.2698538870376541,-0.37036946562798423,0.886421475627451,0.605871409047457,-0.9132597263600368
45,1,2,4,4,16792,22,8,20,1,0,0,0,0,0,0,0,1,0,0,3.514032976229802,-1.2334671629406904,-0.48315205035792147,1.4492667868692664,-0.7766168914884324,-2.437802394348327,-0.13157200569412306,-0.9803135303514379,0.38372524948670167,1.1281482083071088
29,2,1,1,4,2720,10,7,10,0,0,0,0,0,0,1,0,1,0,0,-0.719607709192978,-1.0662039033589208,-1.8900886211497907,1.497211830999675,0.1607847312692819,-1.2137273682458112,0.5037311939106394,0.5420145083543945,-0.23776559687148646,-0.7769116362577321
46,4,2,2,1,4615,19,13,16,0,0,0,0,0,0,1,0,0,1,0,1.4991132504425535,2.358705420477995,-2.2654642687586053,0.3896922176709032,-0.3671809113110266,0.6094409437412905,-0.06481077029598539,1.0537277635470463,-2.1686346504140634,-0.24384292764091298
41,4,3,2,3,5003,8,2,2,0,0,0,0,0,0,0,1,1,0,0,-0.9634356365784946,-0.5995512341328173,1.4012011188753422,-0.7407896455490035,-0.21094655616461025,0.012755622006060178,-1.183101107250938,0.9041005021036742,0.6044169681165353,-0.3997748202256025
41,2,3,1,2,3140,4,3,4,0,0,0,0,0,1,0,1,0,1,1,-2.290016329282825,2.268161637384957,2.4009892491658276,1.1474177884879058,0.1119414103260433,0.7068313096855856,0.8222462098371808,0.37807609812736104,-0.2581434003150761,0.9668034849352483
52,4,4,4,3,13247,24,3,5,0,0,0,0,0,0,0,0,0,1,0,2.0819754012765,2.4471157294548744,0.36355530443720124,-2.014769454165625,0.415544688278526,0.5980215199412261,-0.26861626433956287,0.6702138683466524,1.2362069044491442,0.0611728385674404
51,1,2,3,1,7484,23,12,13,0,0,1,0,0,0,0,1,1,0,0,2.4509412591348494,-0.7420363244501894,1.1544456120357398,0.29988282428733076,1.7679473000970483,-0.5269128133510763,-1.4871297050363979,-1.674574151951817,-2.840469628738106,0.7568458616718842
36,3,3,1,4,2644,7,2,3,0,0,0,0,0,1,0,1,0,1,0,-2.4714052102973936,2.279348844706269,2.0844945794493586,1.305282094427099,0.2451623792852148,0.11391598573649818,0.13750593389350774,1.311659158680102,1.074714511777145,0.6719900079106982
38,2,3,2,1,6673,17,0,1,0,0,1,0,0,0,0,0,0,1,1,-0.4106431896545726,2.282851092684897,0.689904053310713,-1.8713424415762323,2.293354705841724,-0.35404689772374814,0.42994284848178327,-0.8272919333224005,-1.6639106541282673,1.1030734888718245
31,4,3,2,1,5332,10,2,5,0,0,0,0,0,0,0,1,1,0,0,-0.9969303180939868,-0.4702742147099069,1.5487565770818572,-0.4321079996902603,-0.7426905712144161,0.7863496912400694,-0.7991398490949836,0.8108680591470033,-0.9047345750299716,0.04204641348704441
44,2,3,2,1,5454,9,3,4,0,0,0,0,0,0,1,0,0,1,0,-0.48523756222143755,2.1552915726569744,-0.9091170936494162,-1.1788770085844227,0.31002607999293386,0.39765156832082776,1.7950019983748464,-0.19185762225155473,-0.7188262397356884,0.46088068829878337
30,3,3,2,4,5304,10,7,8,0,0,0,0,0,0,1,0,1,0,0,-0.21951277031624644,-0.9380262490036497,-1.6731960853292178,0.49170351329256917,0.29795158402071587,0.2430120898020983,0.20448538790385648,1.1234361994983986,0.9637725978971872,0.44015646469439046
31,4,3,1,2,2302,3,2,3,0,0,0,0,0,1,0,1,0,1,1,-2.928559294311713,2.448512326822489,2.2390450369554316,1.131197751205183,-0.32718838552302987,0.8760992960875398,0.3172706617987111,1.887497484748505,-0.3964763593638328,0.787232320709744
27,4,3,1,3,2394,8,2,8,0,0,0,0,0,0,0,1,0,1,1,-1.8275392682808203,2.5729649121159355,0.595462051283886,0.22372385433152822,-0.5255305914626791,0.11364643742193346,-1.3313875167899005,0.8074768371503517,0.38584924607023985,0.3114257441066583
24,4,2,2,3,4377,5,2,4,0,0,0,0,0,0,1,0,1,0,0,-1.4209208855143896,-0.8547965814731416,-1.206273619231068,0.0598295594160415,-0.13032011372957303,-0.4370673643908264,0.7747608472988999,1.93637077388701,-0.11500181920510832,-0.47739408169460296
50,3,2,1,3,3690,5,2,3,0,0,0,1,0,0,0,0,1,0,0,-1.5576995033481833,-1.0750491915899891,-0.6919042800530851,-1.2420327368079767,-0.5859576359753307,-0.1726514326436286,-0.5387043595887867,-0.9043704219128489,-0.02862525517801905,-1.7951882925902274
39,4,2,2,3,5902,17,11,15,0,0,0,0,0,0,0,0,1,0,0,1.1761963627244245,-0.6783564775916662,-0.8807514859808011,0.979491002816476,-0.2606735631195247,0.40507986469281276,-1.4779351045214932,1.014945069375653,-0.664753804235395,-0.7152717265042225
30,3,3,2,3,4695,10,4,8,1,0,0,0,0,0,0,1,0,1,0,-0.8701072593367408,2.176286763683668,0.4091721791390106,0.7488731283435617,-1.46342228915451,-1.9197158704685526,-0.8551599659613222,0.01820868307223714,0.3562057259639502,2.0157354469627116
30,4,2,2,4,5126,10,8,10,0,0,0,1,0,0,0,0,0,1,0,-0.6631173840898251,2.2290410769711544,-1.8527634033649503,0.5225172924653954,-1.186262155959925,-0.16764436733033483,-1.461099834443158,-0.08883073519480376,0.23442291247352567,-0.9644425743484257
59,3,2,5,4,18844,30,2,3,1,0,0,0,0,0,0,0,1,0,0,3.4897500900181284,-1.167725190587469,0.7146152954975692,-1.340260726709912,-0.4921632979867977,-3.311284883073419,0.3457556228453365,0.30844623856889924,0.8901536903348594,-0.31700311711667556
36,1,4,3,1,11713,10,7,8,1,0,0,0,1,0,0,0,1,0,0,1.835073672264656,-0.9831993002989187,0.7815862608648073,0.13881693566617745,-1.9520741133691557,0.18284232020765806,2.052282105913792,-1.2122171578094987,0.2823211915567227,2.8185054477503693
29,4,2,1,1,2404,3,0,0,0,0,0,0,0,0,0,1,0,1,1,-2.662990786778552,2.5920284440645562,1.3357548983291696,-0.4806901895453812,-0.8441978587887968,-0.37555438762131177,-0.28107754953796993,0.7426962960615473,-1.2882800028696353,-0.5192615543173734
30,2,2,1,1,2033,1,0,1,0,0,0,0,0,1,0,0,1,0,1,-3.0394639032241586,-0.9710302620432393,1.8845369442817403,1.1404955314288057,0.16722048594934436,0.7546703565461533,2.1677023549422616,0.8901379353722884,-1.4436190282025054,0.11715055685992452
50,3,3,5,2,19926,21,4,5,0,0,0,0,0,0,0,1,1,0,0,2.921177811462956,-0.5417225903936836,2.289597247803561,-1.1466381662264886,-0.32222411661641215,-0.12284079406445032,-0.3779529493526396,0.14675636643137477,0.12993475282135822,-0.3602302598150676
37,3,2,1,1,3920,17,1,3,0,0,0,0,0,0,0,0,1,0,0,-0.9431725737904021,-0.7558087090456457,0.5076015003366223,-0.8144273504427786,-0.08749254961530761,0.21211121245991574,0.39076277177685376,0.19689316139452215,-1.431274452497487,-0.9623838575200088
38,1,2,3,2,12061,19,8,10,0,0,0,0,1,0,0,0,1,0,0,2.6894446327646544,-0.705744886249331,0.860475774456185,0.5578598536243738,-0.9842633283738343,0.28409229164595656,1.620426356439977,-0.9482139111638143,-0.18810090890016926,-0.32144873096975174
41,4,3,2,4,6230,16,3,14,1,0,0,0,0,0,0,1,1,0,0,0.32788705358654313,-0.9294080102063624,0.4089251178167516,0.4777013329594128,-1.2561826083864696,-1.842685017523211,-1.7975220594608399,0.7995909814680773,0.8328211468047283,1.2177902552974764
29,4,2,1,1,2109,1,0,1,0,1,0,0,0,0,1,0,1,0,0,-2.5113628268650587,-0.5582696957598051,-0.9367831911264879,1.2658057994922307,1.2805403892868128,0.4425067366010684,2.032721535053665,0.9493249946936545,-1.0504111603816304,-2.452371167814308
45,4,3,2,4,3697,12,9,10,0,0,0,0,0,0,0,0,1,0,0,0.45045639580932023,-0.7569093219820321,-0.7326335075702544,0.11414901033188929,0.2605078048990693,0.6277621090461637,-1.5173356029207334,1.000226143351316,0.8210281047424303,-0.32094214879953425
29,1,3,2,1,5373,6,3,5,0,0,1,0,0,0,0,0,1,0,0,-0.8091024879617176,-0.8849054052355971,0.5791018615279624,-0.4854034379772311,2.165256940934162,0.238613807346477,0.2844568578409286,-1.168298025132473,-1.7945229436777024,1.6668582120381814
42,4,3,4,1,17665,23,6,22,0,0,0,0,0,0,0,0,1,0,0,3.42780606783949,-0.5098390796524808,0.12496922757821129,-0.13896011421785975,-0.5294954273476983,1.407153880475861,-0.596270921386839,0.8361055846186332,-1.2494225257806633,-0.03463913429986105
48,4,2,5,4,18265,25,0,1,0,0,0,0,1,0,0,1,1,0,0,3.3360931022865046,-0.4378573241461944,2.856940705830085,-1.3908247762200077,-1.173845024890995,-1.457404438760183,0.5624635749254685,1.189026161407636,1.644126566837689,-1.7500553921102553
20,4,2,1,4,2926,1,0,1,0,0,0,1,0,0,0,1,0,1,1,-3.3846771561459104,2.3294635504511674,-0.03444629193769342,0.05297263836497203,-1.5404085515763801,-0.9895918147564796,-1.3576017039686166,-0.03367568568918637,0.697148874341193,-0.9556199099366858
31,3,3,3,2,10648,13,8,13,0,0,0,0,0,0,1,0,1,0,0,1.200961985367891,-0.8072212485790334,-1.347375807966377,0.4362370436509975,-0.1560844762325157,0.8981823701334538,0.5967077896004684,0.9529141265321905,-0.4834851127501175,0.6577615757116276
41,3,1,2,2,6430,10,2,3,1,0,0,0,0,0,0,0,1,0,0,-0.5095050730955839,-1.1517735177986483,0.10145537111414596,-0.02643983512871538,-1.1719664902993603,-2.8595387619443637,0.551992928727044,0.3330197390669758,-1.3097879142621436,-0.21963536112267573
29,1,2,1,1,2335,4,2,2,0,0,0,0,0,0,1,0,0,1,1,-2.081767204381833,2.0754014314741007,-0.986918653995899,-0.12113275376023022,0.10965324121073253,-0.3329604521025817,2.3098729870878443,-0.6177773013622905,-1.2306628286396306,0.3127417508024197
42,2,3,2,1,5155,9,4,6,0,0,0,0,0,0,0,1,1,0,0,-0.44792934321958106,-0.6571457287712363,1.6077709120887662,-0.31726319715360446,-0.29998650744511474,0.6811042019816084,-0.3860973182027795,-0.7119588485105642,-0.7981242424976396,0.2590292982337689
36,2,2,2,4,6652,8,3,6,0,0,0,0,0,0,0,0,1,0,0,-0.4406111431852109,-0.9206319959320467,0.045220761560918435,0.29930204078472894,0.342401477224584,-0.7043941576272088,-0.01910710443892889,-0.0662979381307457,0.75811827182782,-0.6612718906105125
32,1,1,2,2,6735,10,0,0,0,0,0,0,0,0,0,1,1,0,1,-1.178137590491188,-0.796533172572042,2.0414672929589806,0.25204343420361824,-0.33929412729401975,-1.6112877384337063,0.5196147090860905,-0.949030865340724,-0.900151005388293,-1.084070369249792
36,1,3,2,3,5347,10,2,3,0,0,1,0,0,0,0,0,1,0,0,-0.5381860210846785,-0.9950532292811,0.4784398003942816,-0.7897270884903053,2.6765992159891785,-0.5583542779852751,-0.08609159204047548,-1.075694877269873,-0.32176878323194996,1.2133814112259227
42,2,3,1,1,2576,8,2,5,0,0,0,1,0,0,1,0,1,0,0,-1.6167408576945834,-1.1697077298626068,-1.6413736041008817,-1.3797533484284292,-0.6100895380003233,1.0439353530612554,1.0971213940382039,-1.2449801863151557,-0.9271472861071097,-0.26247181643351475
43,4,3,4,4,16064,22,13,17,0,0,0,0,0,0,0,0,0,1,0,3.4392984570870846,2.4965983132291383,-0.9478758834889862,0.659504990476263,-0.13069901863496688,0.39042282706493936,-1.4745057747277461,0.9136068376694029,0.7530595043129472,0.15073583289162887
36,3,3,2,4,4502,17,7,13,0,0,0,0,0,1,0,1,1,0,0,-0.2653899171502309,-0.7702818587614207,1.8413969266585146,2.348818384919257,0.07740912558407048,0.8159188333802908,-0.7399239985430243,1.4195480847045492,0.6187786089735294,0.7304529465280081
36,2,3,2,2,5674,11,8,9,1,0,0,1,0,0,0,0,1,0,0,-0.3204012958016801,-1.3159436305448633,-1.310264838298463,0.340026896056842,-1.9742005870979835,-0.629110965551045,-0.4222757163522639,-1.7287515845286405,-0.5499303173698088,1.4034300551356003
36,2,3,3,4,9738,10,7,9,0,1,0,0,0,0,0,0,1,0,0,0.7420620193732781,-0.5746733970162047,-0.23547299146268433,2.533513518019277,1.8636800944445975,0.5831883511498184,0.2856502969709697,-0.8366557918137499,1.557200108856182,-1.5850188247788846
38,4,3,2,4,4735,19,11,13,0,0,0,0,0,0,0,0,1,0,0,1.0325267495011545,-0.7033619429157366,-0.9670457941888843,0.7259633217680264,0.07750358238462234,0.8263882775158651,-1.7722193480392414,1.0294959216422517,0.6220762964517776,-0.08046549971674792
33,3,2,1,1,2799,6,2,3,0,0,0,0,0,0,0,1,0,1,0,-1.9786011520263325,2.5205276401922965,1.216331972088679,-0.1485085151734516,-0.6887842613496689,-0.3115349110338358,-0.2513793732548232,-0.03508122763082254,-1.3520902426515193,-0.3261142150518774
45,1,4,2,3,6434,9,2,3,0,0,0,0,0,0,0,0,1,0,0,-0.3755530230853652,-0.965108216914508,0.5577429591862598,-1.0184590016102544,0.8523444632059567,0.882176281962721,0.47259946465618735,-1.1244895240273949,1.4105407427224927,0.7240511326845739
27,1,4,2,3,6500,9,7,8,0,0,0,0,0,0,0,1,1,0,0,-0.4262231092399293,-0.7188390571774457,1.093413727515083,0.9483043334747843,-0.06966346599497816,1.0393570159809065,-0.8180885074942593,-1.0902451136186644,1.076723668440253,1.6361293535310244
34,1,2,2,2,4599,16,9,15,0,0,0,0,0,0,0,1,0,1,1,0.4632680035821862,2.413289831598588,0.5023861562429088,1.5707534633372018,-0.483624815724908,-0.22724506943612513,-0.7691017202372662,-1.4191754256031657,-1.0126726990294688,0.3907033898472813
29,3,3,1,2,2703,6,4,5,0,0,0,0,0,0,0,0,1,0,0,-1.5641098223311953,-0.7498327502738202,-0.039477073381129664,-0.008064584305918677,-0.05273196718839837,0.9935264258570413,-0.1580053810317805,0.36554528893844407,-0.27073771443133626,0.2229793397268196
32,2,3,2,3,5010,12,8,11,0,0,0,0,0,0,0,1,1,0,0,0.005247827513072319,-0.6693700679073242,0.7837209820301003,1.128817767055068,-0.28720986847714675,0.46236635985744234,-1.3187678045511295,-0.443660160709539,0.28877076874637597,0.6183613929063058
44,4,3,4,1,16328,24,6,20,0,0,0,0,1,0,0,0,1,0,0,4.2601422882317825,-0.3827105844097658,0.7674221562959292,-0.41978175251228345,-1.455310603423692,1.6320077634174108,0.6682422932216434,0.8563542854119947,-0.629113895711863,-0.23029259388271325
40,2,3,4,3,13237,22,6,20,0,0,0,0,0,0,0,1,1,0,0,2.705037591691113,-0.6102584261301247,1.1177558903024942,0.8112422771962535,-0.30057288873123356,0.2718519363984416,-1.2472868835421884,-0.4929583716530683,0.3138061310720045,0.40252628447938626
55,1,3,4,2,16835,37,9,10,0,0,0,0,0,0,0,1,1,0,0,4.0174021758373035,-0.6889531488837368,1.8157868602356253,-0.36482671524292626,0.047731800411549834,0.14663900255589718,-0.5975074655560262,-1.5187069833219216,-0.19484689623935267,-0.013058464269932705
41,1,3,5,3,19419,21,16,18,0,0,0,0,1,0,1,0,1,0,0,5.476072184203372,-0.783236018602123,-0.8913058503126181,1.3004537246486372,-0.8609638506573594,0.8700279414724591,1.7646175103315553,-0.3436320446763146,0.7623102348586781,0.9735091726143094
43,1,1,2,3,5346,7,3,4,0,0,0,0,0,0,0,1,1,0,1,-0.6338939751063519,-0.8652357045304975,1.5220006185229533,0.5156761521171201,-0.07915272601549309,-1.6992591106053105,-0.15633124836393386,-1.0169243647515027,-0.36378507841926117,-1.220236374349654
38,2,3,2,2,4198,8,2,3,0,0,0,0,0,0,0,1,1,0,0,-1.0389562601307523,-0.7018813395361856,1.6624600931371303,-0.3608949709355575,-0.1307123688081204,0.22162540441088707,-0.3526398441994815,-0.5389870308184431,0.024521764510129877,0.1811139218083971
29,2,1,1,2,2760,2,2,2,0,0,0,0,0,1,0,1,1,0,1,-2.87043349863161,-0.8642397939142277,2.7334123481384625,2.20773244683594,-0.3267760264554344,-0.5765306778179043,1.058190519229612,0.913360187074037,-1.399627859282235,-0.45026055312429103
45,4,3,3,1,13245,17,0,0,0,0,0,0,1,0,0,0,0,1,0,1.4882332996845036,2.6315214284213146,1.4676247390987325,-2.2449950238235186,-1.0964736803829018,0.579190392351427,1.9523445548552043,0.7497142691186427,0.05878287938627378,-0.5871157663741285
34,1,3,2,2,4325,5,2,5,0,0,0,0,0,0,0,0,1,0,0,-1.0258195848534821,-0.9095895548275349,0.47444906826272204,-0.16246720114764182,0.33219595439263294,0.5949988260511475,0.7454416607629487,-0.9992457904003531,0.057698524440167015,0.45019256959756143
38,4,4,1,3,2610,4,2,4,0,0,0,0,0,0,1,0,1,0,0,-1.60173772259867,-0.8920739642287799,-1.2768257209279117,-1.1380414155743699,0.4519632203026526,1.1340773814556646,0.3898280642509953,1.5407529718698336,1.0091638103162353,0.6016587562986389
55,1,3,3,4,10239,24,0,1,0,0,0,0,0,0,0,0,1,0,0,1.2601139614887147,-1.0264971220867265,0.9547424430711858,-1.6210002553905043,1.1231344233683354,-0.6200297882923326,0.5991647052437621,-1.088691292044328,1.6755449064449703,-0.6426202825827685
40,1,2,3,3,10435,18,15,18,0,0,0,0,0,0,0,0,1,0,0,2.6297682575932013,-0.8584617878735376,-0.7288609301213103,1.9478328024228468,0.00965929129469097,0.28948240162024,-0.7264528954031475,-1.0090109657957165,-0.5251775153528828,0.0897528325079974
20,4,3,1,1,2728,2,2,2,0,0,0,0,0,1,0,1,1,0,0,-3.2462092909790763,-0.6003470805158938,2.6786059718533304,1.5233352948585746,-0.6528305864581551,1.5215172585716787,0.4813425341951522,2.138129032750717,-1.1411645742194971,0.9252510149546099
33,1,1,1,4,3408,8,3,4,0,0,0,1,0,0,1,0,1,0,1,-1.7321356351737751,-1.3661780944014867,-2.07950234730758,0.30172093224088486,-0.46548585704992795,-1.4695226045906356,0.9583835845286681,-1.3400845711430507,0.0763677600801805,-1.460596062013789
31,4,3,1,4,2356,8,4,6,0,0,0,0,0,0,0,0,0,1,0,-1.489062054105304,2.370862915204462,-0.764895927292062,-0.01797584307597901,0.12282350380576665,0.1737194975987448,-0.8405914271183205,1.0119944854575724,1.0587517529404162,0.04925801014050734
40,1,3,3,4,10322,14,10,11,0,1,1,0,0,0,0,0,1,0,0,1.6807972297793121,-0.6860196368755165,-0.36147251037115735,2.410739441415627,4.127926148663302,-0.07418536137130695,-0.38360976662176605,-1.753152684315756,0.36741839744028765,-0.39788940663468286
50,4,3,4,1,17856,32,2,2,0,0,0,0,0,0,0,0,1,0,0,2.7343732085163595,-0.5965060932215431,1.3002711221485153,-2.256127867709102,-0.021544882147120213,0.5183730313613164,0.38853056068867436,0.7735206551823752,-0.682328735628483,-0.915487574523178
27,4,3,1,4,2580,6,2,4,0,0,0,0,0,0,0,1,1,0,0,-2.0163886544077347,-0.6073475643985342,0.8994631556561875,0.2472843205708468,-0.2970783790590312,-0.025816840074819068,-1.5605469270438956,1.1318436324036312,1.1472260842320514,-0.03263971447950751
36,4,3,3,1,8321,15,8,12,0,0,1,0,0,0,0,0,0,1,0,1.1782623583797798,2.518765240956721,-0.3520863722681117,-0.6009006455629962,1.628026539655172,0.4583859517766961,-1.0909989266769269,0.5527709582841256,-2.2857057642017766,1.3158690820032901
53,4,4,4,2,16598,35,8,9,0,0,0,0,1,0,0,1,1,0,0,4.549671269182771,-0.298640099091225,2.2164260452679736,-1.2789564682044743,-1.2712489778816112,1.4015749106167832,-0.2998927651163114,0.5605119825435095,0.7925905685329413,0.03800671010639142
42,2,4,2,1,5538,10,0,0,0,0,1,0,0,0,0,0,1,0,0,-0.7140112554056136,-0.856579280728732,0.9975065506389847,-2.231305359567401,2.541015763296374,0.6979672006759376,0.19473913884071709,-0.7272129883124394,-1.0667572006494994,1.5738135808619795
37,3,2,2,4,5163,17,0,1,1,0,1,0,0,0,1,0,1,0,0,-0.44270921871707514,-1.4003638164619296,-1.2041509171792388,-0.9126846987322957,1.5901170282361272,-3.806537875977585,0.5318042391922434,0.888965758159778,-0.4553659689696523,1.5147193128499938
43,2,3,4,1,17159,22,1,4,0,0,0,0,1,0,0,0,1,0,0,2.9264117228200934,-0.5927598352582927,1.9664608162268904,-1.5278672701621776,-0.9147428415227238,0.7354463235566273,2.3546972826541093,-0.38476037663823676,0.10564924208725464,-0.2746197499805722
23,4,3,1,3,1223,1,0,1,0,0,0,0,0,0,0,0,1,0,0,-2.726616651333416,-0.7267183272424876,0.055076228636669354,-0.3409485101279354,-0.029016558426122576,0.5222176670572037,-0.23829830732797128,1.2872573598020685,0.580944001780814,-0.051403433855447024
52,3,3,1,1,2950,12,4,5,0,0,0,1,0,0,0,0,1,0,0,-0.9347306192900907,-0.9658044226610564,-0.5757262804800556,-1.6928733587450748,-0.7355917632075575,1.3666760082803346,-0.48298049366067475,-1.2886018159696153,-1.026339581846046,-0.9523889897182977
29,1,3,1,4,3760,3,2,3,0,0,0,0,0,0,1,0,1,0,0,-1.8080926663139294,-1.146873512158691,-1.1318307118530235,0.16281997366834772,0.7286403336018668,-0.19110631246882637,1.3497094890696413,-0.19122211675678555,1.3978079966975478,0.6563776203704242
50,2,2,5,3,18740,29,3,27,0,0,0,0,1,0,1,0,0,1,0,5.493353549468794,2.3574699766804716,-0.713552580928065,-0.02463861358893617,-0.8210243233024824,-0.5651596809783861,2.2032247654901878,0.07112388745006985,0.36815153546014756,-0.41731705270423364
42,2,3,2,3,4907,20,16,20,0,0,0,0,0,0,0,0,1,0,0,2.067761997353903,-0.7937361760826935,-1.2242583439740125,1.6655184942701742,0.10735334812373122,1.4000098067816606,-1.5580268217465398,-0.5526762686774531,-0.24785421303695274,0.6041009093228591
34,2,4,2,3,4404,6,3,4,0,0,0,1,0,0,0,0,1,0,0,-1.423054288637234,-1.0306369991298514,-0.6149807364404055,-0.8572031910878316,-0.4899610466916732,1.3951924356223908,-0.3633017787908914,-1.512924013993056,1.1466972419450556,0.39021154187264956
32,3,3,1,2,3931,6,3,4,0,0,0,0,0,1,0,0,1,0,0,-2.1436539793086604,-0.8919036491021839,1.414331269082261,1.1449925655700697,0.26450271982447293,1.4849627258423659,1.1815850214345562,1.5230946582031109,-0.43226186365717806,0.6357922126873948
56,4,2,2,1,5380,6,0,0,0,0,0,0,0,0,0,0,1,0,0,-0.6788194934051529,-0.7556717035018681,0.8138503383183325,-2.028640478443843,0.08034749527231026,-0.036084814636895425,0.370503293216164,0.7821322883391508,-1.2000733777175123,-1.6335680178550684
27,4,3,1,2,3816,5,2,5,0,0,0,1,0,0,1,0,1,0,0,-2.192193729991991,-0.9995282116708633,-2.03439031674898,-0.8421650207827192,-1.0564277493036378,0.9896248684099909,0.34291539659108444,0.4563940857122004,-0.39690158748725346,-0.28952288554725186
40,3,3,1,1,3377,7,3,4,0,0,0,1,0,0,0,0,1,0,0,-1.6959884272973407,-0.9317441743022721,-0.5352433331654481,-1.2498681878578424,-0.9580463335685713,1.3777495615056778,-0.267676808683761,-1.0814285392481877,-0.9614109942750438,-0.6171272296193854
37,1,3,3,3,10048,17,0,1,0,0,0,0,0,0,1,0,1,0,1,0.29551635624915157,-1.0801790179602788,-0.23996332881195068,-0.9978978882367587,0.7374488336716127,-0.3858646693557784,2.0018873872458687,-0.34095961015688936,0.9227613435265083,0.24336041747888482
33,2,2,1,3,2008,1,1,1,1,0,0,1,0,0,1,0,1,0,0,-2.6556466360218978,-1.6003632690248917,-2.173578045812215,-0.2461699894411522,-1.6311780966714797,-2.3506131172672693,1.2270283613948618,-0.879729903325495,-0.07301938620240088,0.6006472510820973
36,3,3,2,3,5237,17,7,7,0,0,1,0,0,0,0,0,1,0,0,0.4151251426370666,-0.8055924791337056,-0.19284100924882122,-0.4269426397251768,2.2751421135791245,-0.044693133693131194,-1.3124819535594754,0.201796098958445,-0.8080353846804804,0.9863355973867362
39,3,3,1,3,3755,8,3,8,0,0,0,1,0,0,0,0,1,0,0,-1.3891047032079082,-0.9943516825235247,-0.9904479083380292,-0.6852520589895414,-0.7069700432012052,0.869413646446087,-0.878521347025096,-0.888757760967193,0.33989336907505535,-0.6562421805632862
36,1,3,2,4,5079,12,7,7,1,1,0,0,0,0,1,0,1,0,0,-0.06156727408809563,-1.17784335747374,-1.8801827390326684,2.840817439630315,1.1996458945488002,-1.556956599946409,1.6956607456896151,-1.1513369089547525,1.394278715197071,0.287669022873728
36,3,3,2,2,5228,10,7,9,0,0,0,0,0,0,0,0,1,0,0,-0.02613957190683729,-0.7264152370605609,-0.16405707157785052,0.12745304470738578,-0.05832112428416056,1.0873042890786628,-0.4477467980140777,0.2764423741128093,-0.3941748872082541,0.19156877505957393
37,3,3,2,2,4197,18,0,1,0,0,0,0,0,0,0,1,0,1,0,-0.9425282642691103,2.506163957670523,1.5281011113024547,-1.0381099094685862,-0.21591357359880148,-0.1720108292398911,-0.3426092280849399,-0.08554381962602046,0.03266468076430018,-0.014277890187338884
51,4,3,5,2,19847,31,10,29,0,0,0,0,0,0,1,0,0,1,0,5.388510439515458,2.457388321081711,-1.8394016175213708,0.05581485842027725,-0.2654558618523228,0.7887433988328798,-0.13554001163439203,1.1430122486589431,-0.8055306947730518,0.3195148776791045
49,1,3,4,2,16413,27,2,4,0,0,0,0,1,0,0,0,1,0,0,3.4415903430938157,-0.7250031346569038,1.8705703738252646,-1.4434870917473555,-0.4805956746462069,0.3420269108008185,2.290228717294719,-1.0966366199894926,0.822565994917253,-0.32381049089297503
43,3,2,1,3,2437,6,0,1,0,1,0,0,0,0,0,0,0,1,1,-1.8622518600099278,2.519169180513527,-0.11720950929793678,1.0730128585236074,1.8497419979772354,-0.44824267138057794,0.9343979942186765,-0.5052109483515254,0.5360233027864786,-2.8392125040488017
33,4,3,2,2,4302,4,2,3,0,0,0,0,0,0,0,0,1,0,0,-1.3009997814466743,-0.6826253344454333,0.2600853734679457,-0.7098289298007662,-0.10822746060491645,0.7948467999582158,-0.13621551948030455,1.0845974437684383,-0.1362813969797402,-0.16569412117462615
46,4,3,3,3,10845,13,7,8,0,0,0,0,0,0,1,0,1,0,0,1.3252794906600474,-0.8429916895545504,-1.2388078888551486,-0.670780954502666,0.208215475328194,0.36384199469451206,0.24939600539665585,1.5693192928645598,0.3341536621026385,-0.16531338909800034
56,1,3,1,4,2587,5,2,4,0,0,0,1,0,0,0,1,1,0,1,-1.5168902082219968,-1.1253205064864706,0.4919221394467597,-0.9788555977046521,-0.3030937428544698,-0.2298797545163291,-1.1287237659534815,-2.5077078901663845,1.4016078768078075,-0.735082548994486
32,4,1,2,4,4668,9,7,8,0,0,0,0,0,0,1,0,1,0,0,-0.267331227178211,-0.9093627322643281,-1.8134003854630258,0.8790456341990478,-0.09961243317834895,-1.231636832129355,0.061387188493738226,1.9460823428304908,-0.2615284897916992,-1.2792881011687423
30,2,2,2,1,9714,10,8,10,0,0,0,0,0,0,0,0,1,0,1,0.3460326162059853,-0.7368951492866282,0.06389935690544171,0.8557301556452236,-0.4264439665680213,0.594605783341013,0.2451134898028704,-0.3130054526272474,-1.6026679620288455,-0.05474753880370343
27,1,3,2,4,4227,4,2,3,0,0,0,0,0,0,0,0,1,0,0,-1.409741525806021,-0.9705388000043242,0.21072709294948225,0.3483797386333555,0.5404418440937974,-0.04102584062078849,0.3988614763278416,-0.6918186917756028,1.4882099576649452,0.48478640661565375
42,3,3,3,1,13348,18,7,13,0,0,0,0,1,0,0,0,1,0,0,2.902884624767165,-0.5004687995864695,0.8384530971135759,-0.33541925177891885,-1.2577133333017312,1.541985388573618,1.0838548214053951,0.1990525295392557,-0.4734910129907386,-0.010075560617019674
20,4,2,1,1,2600,1,0,1,0,0,0,0,0,0,0,1,0,1,1,-2.9892165002532214,2.6266365278271673,1.2467148900062415,0.014877309630166776,-1.0354804515697291,-0.2812002016177962,-0.25960197907339644,0.8730655067877482,-1.321336537696541,-0.22624486396244442
50,4,3,1,2,3875,4,2,2,0,0,0,0,0,1,0,0,1,0,0,-1.8934585386453164,-0.8939973718689452,1.550877262400967,-0.03872330322914651,0.48318883913112687,1.345040834934932,0.9408543269012648,1.9987405822790336,-0.36358907508660315,-0.11982583534022054
19,2,2,1,4,1102,1,0,1,0,0,0,1,0,0,0,1,1,0,1,-3.4113278608919737,-0.9542474795717005,0.3900684253150239,0.5277928669768261,-1.2015430645134717,-0.8322057941933102,-0.9308932963361021,-1.2181434655295196,0.784126822634146,-0.7386008395491358
31,1,3,1,3,3067,3,2,2,0,0,0,0,0,1,0,0,1,0,0,-2.554703419217633,-1.097247992272453,1.5599990682614593,1.483794583430673,0.7393777252293149,0.9237618235409768,1.7528548973845766,0.29299177085968015,0.5194281579385405,0.9693803750939541
29,3,3,1,4,2157,3,1,3,0,1,0,0,0,1,0,0,1,0,0,-2.8405761232577085,-0.7025351153673629,1.0907235740233512,3.377228914248093,2.126019371747744,1.134498716574755,1.560196660234093,1.0693290836424196,1.409706474046644,-1.3354548984549957
42,4,3,1,3,3968,8,0,0,0,0,0,1,0,0,0,1,1,0,0,-2.1507756639925972,-0.8120171613294687,0.6411878075667374,-1.484326155648641,-1.078938925814668,0.1778134898512048,-1.4843451761827027,-0.3501436478010893,0.5761531324336564,-1.0942185510167266
36,2,2,2,3,5673,10,9,10,0,1,0,0,0,0,0,0,0,1,0,0.07350483110762102,2.554686892164688,-0.8119984046457077,2.9527955400941477,1.5444090306247502,0.09418022871990088,0.4132733708026073,-1.138034775848476,0.1319618434065171,-1.9493236576584037
42,3,3,4,1,13758,22,9,21,0,0,0,0,0,0,0,1,0,1,1,2.94483021478247,2.681131481804386,0.8096567458832399,0.5527714278994936,-0.8427643394127136,0.8491997397168904,-1.189600764411429,-0.2383384746832708,-1.2356070959547791,0.6329562548787953
46,3,3,4,1,17048,28,15,26,0,0,0,0,0,0,0,0,1,0,0,4.744141023307032,-0.5562722500259438,-0.5383284576905231,0.993810794781173,-0.4982887421081955,1.8560602012554945,-1.163982802726019,-0.003228260172355284,-1.6139006506547005,0.4248898570347898
39,2,2,4,4,12031,21,9,20,0,0,0,0,0,0,0,0,1,0,0,2.9271060588700824,-0.8087772529733704,-0.47394767216825445,1.3600755139992302,0.07868278893550894,-0.2829840304594082,-0.8109656093418766,-0.15891604400296247,0.3068396123556359,-0.3655335709106655
30,4,3,1,3,2693,1,0,1,0,0,0,1,0,0,1,0,1,0,0,-2.7935271685664356,-1.077481228352225,-1.920845330056063,-1.2227839455124758,-0.7595353965656145,0.46529038209650825,0.4006943441303425,0.5617445682246615,0.48972503040882387,-0.5426549609731292
36,1,2,2,4,5810,10,4,10,0,0,0,1,0,0,0,1,1,0,0,-0.6884262737197712,-1.0136442027376413,0.22661698378407702,0.6905036006884483,-0.9616863706252209,-0.7360124829548201,-1.1881295420709137,-2.1647017225164946,0.6138201171677008,-0.7694521796806452
41,2,1,1,4,2778,10,7,7,0,0,0,1,0,0,1,0,0,1,1,-1.0770089808379144,1.830009968298933,-2.8366840835544402,0.27718856186493196,-0.5951032981142546,-1.4396922779216306,0.3288217532193584,-1.003153736315053,-0.16788885407829998,-1.4737206404770573
22,2,2,1,3,2814,4,2,4,1,0,0,0,0,0,0,0,0,1,0,-2.2196770670490933,1.9163862626430037,-0.621703473293765,0.9569177501747449,-1.0842237637568801,-2.460389629191895,0.6310741783070265,-0.30896271903496403,-0.04192288586415292,1.4835485355563514
21,1,2,1,2,2174,3,2,3,0,1,0,0,0,1,0,1,0,1,1,-3.2608434442702134,2.5145590135439138,2.3373878158754593,4.406006585571485,1.322136913018368,0.26703373243184136,2.0979805192036127,-0.6672558620498642,-0.3987982412644373,-0.9204921308968039
41,2,4,1,3,3376,10,6,10,0,1,0,0,0,0,0,0,1,0,0,-0.5071940328815747,-0.587196558310943,-0.4398222708194376,1.9197872909463167,2.0690899781099454,1.8724881855823015,0.09358429229192637,-1.2233561567772855,1.2730953073733673,-0.973627721414509
45,2,1,3,1,10851,24,7,7,0,0,1,0,0,0,1,0,0,1,0,1.927292035606614,2.1463191317524855,-0.9784462367210517,-0.7610483638667985,2.0226368535149013,-1.8183436223843028,1.0361996027026252,-0.223547284681849,-3.1716039034836294,-0.01155417932411021
29,1,3,2,4,8853,6,4,6,0,0,1,0,0,0,1,0,1,0,0,-0.29647695718695566,-1.1377492628973713,-1.0970262888300597,-0.047688563692856296,2.695647675956392,-0.8984360277502098,0.6203224490726259,-0.2796561736355514,0.24535747343674075,1.756889093577942
51,3,3,1,4,2723,1,0,1,0,0,0,0,0,0,0,0,1,0,0,-1.650365528799721,-0.9425641895416093,0.18759225791124526,-1.320004605057218,0.7699960934294499,-0.08397272870789531,-0.23144401238749399,0.3492188621451636,1.4668210305207625,-0.6874114420152917
34,3,2,2,4,5747,16,10,15,0,0,0,0,0,0,0,0,0,1,0,0.777426930964139,2.345963025526061,-1.197074773431897,1.3359338635664193,-0.06613406381448571,-0.29344126200434745,-1.1105230645236521,0.3158400182845489,0.19020022323925842,-0.23926584854313754
40,4,3,1,1,2018,15,4,5,0,0,0,1,0,0,0,1,1,0,1,-1.4239792630574546,-0.6957233553272104,0.4245458501857224,-1.0351914551487642,-1.5049310103412263,1.17258635164091,-1.6089620890354284,-0.6346729802343245,-1.1650738966604426,-0.7391445523970246
42,1,3,3,1,13191,20,0,1,0,0,0,0,1,0,0,0,0,1,0,1.6794415492258452,2.4189348816124157,1.708454385383771,-1.6013602131484737,-0.7062406994082511,0.37042897560000343,2.875047269264704,-1.29241326563891,0.24822433187384127,0.09471862360627188
39,4,4,3,3,8237,11,6,7,0,0,0,0,0,0,0,0,1,0,0,0.5747641475545892,-0.6647931826430138,-0.0181527396854152,-0.6355429598027279,0.1470116635743728,1.3795837900247176,-0.8085179172429623,1.0149404081021802,0.972788173469532,0.4995860169341111
40,2,3,1,2,2387,7,2,4,0,0,0,1,0,0,0,0,1,0,0,-1.8304879202231827,-1.0553570497450824,-0.5527797623494652,-1.0390438586910125,-0.6176345117405764,0.9455168594317475,-0.12830695256643967,-1.671333448979528,-0.1581712451065029,-0.5149163054103847
45,1,3,3,2,7441,10,8,10,0,1,1,0,0,0,1,0,1,0,0,1.156166076888062,-0.8010900206318772,-1.179306275978244,1.5424245080399077,4.11561479949573,0.21884555194301528,1.2359455266753403,-1.4426293884477024,-0.9796756751210128,-0.2120058264885564
40,3,3,1,3,2001,20,3,5,0,0,0,0,0,0,0,0,1,0,0,-0.5716486771805454,-0.8194756106101506,-0.028972930790496013,-0.6531206698628573,0.41291744230350097,0.5204722412300538,-0.48497538311370425,0.21763137914829045,0.38580036349919783,-0.3599326426596793
34,2,3,3,1,9950,11,2,3,0,0,0,0,0,0,1,0,0,1,1,-0.033970953984785716,2.21962929282576,-0.5897242313261756,-0.9905689826926788,0.08878898964473794,0.23441814274714953,2.1426927890060847,0.01697569375014957,-0.5938699585204992,0.6688435021157629
32,3,3,3,4,11159,10,7,7,0,0,0,0,1,0,0,1,1,0,0,1.4726834918262492,-0.46923464145814836,1.650971079668851,0.6396275704854562,-1.334943086471298,0.18340038273797285,-0.13984096657677614,0.5355677148032274,1.776647368248457,0.17691213622481933
50,4,2,3,1,13269,19,11,14,0,0,0,0,1,0,1,0,1,0,0,3.60305198218682,-0.606589073287957,-0.7646689406992834,-0.2166704872960121,-1.3486839508392219,0.7933736746981835,1.525337841601712,1.3918892769680893,-1.326465989010493,-0.7761695293377521
37,1,3,1,4,2793,13,8,9,0,0,0,0,0,1,1,0,1,0,0,-0.9175788635803968,-1.2603667010305613,-0.4440694161330977,2.1489439338250196,1.0028823586239135,0.8236228122705326,1.7433440890192753,0.7433500406431514,0.7370293989549819,1.2166139801893174
29,3,3,3,4,7553,9,7,8,0,0,1,0,0,0,0,1,0,1,1,0.14209474309539022,2.4718759389022615,0.6098345240380022,0.3715183934261932,1.7380214420318725,-1.0197386099867884,-1.9845772197279177,0.16042071653323497,0.048794034187051166,1.5992449264395787
31,1,3,3,1,9637,9,2,3,0,0,0,0,0,0,0,0,1,0,0,-0.15285741612805864,-0.8253871188791135,0.9862496158374666,-0.42713819699722855,0.07154532988348387,0.6994146410520252,1.265782746799048,-0.9893604132132827,-0.5118148464316536,0.5237551894792283
38,4,2,1,3,3702,5,4,5,0,0,0,1,0,0,0,0,1,0,0,-1.6954159875642705,-0.9412651482092191,-1.0669340829598477,-0.5208456137916758,-1.01749218186967,0.15046227581554472,-1.033426669940334,-0.07955393064500484,-0.2636632967444722,-1.5528052452191423
27,4,3,2,3,9981,7,7,7,0,0,0,0,0,0,0,1,1,0,0,-0.3387365919600973,-0.4999424368166149,0.9304928763225536,0.7094826214429013,-0.7079798795794685,0.43717775033309736,-1.5395695918388081,1.0995188431677212,0.34312682061307853,0.2840555737812126
41,3,3,1,1,2238,7,0,5,0,0,0,1,0,0,0,0,1,0,0,-1.9474385680067117,-0.9468998862815151,-0.3998552332666229,-1.5512932787341849,-0.8748851798672229,1.269042573370616,-0.1219012271559272,-1.0961807161640527,-0.890265356185977,-0.7394994168880916
40,3,2,5,3,19626,21,7,20,0,0,0,0,1,0,0,1,1,0,0,4.638309831400432,-0.36878783931483866,1.83149554211126,0.9249982959614269,-1.738229304409682,-0.2587924788199649,-0.04258763461369643,0.43593722982716576,0.3597718932629848,-0.5659034617943075
30,3,3,2,1,4115,8,3,4,0,0,0,0,0,0,1,0,1,0,0,-1.0151918330909764,-0.8492802665362293,-0.8262110737230279,-0.5890123836912359,-0.04417623416676858,0.8884861918413819,1.3301838718112358,0.8615983667361482,-0.9015106368126892,0.432068035904602
30,3,3,2,3,3491,10,7,10,0,0,0,1,0,0,1,0,1,0,0,-0.7355155503047897,-1.077437869300432,-2.4962827276732513,0.07417822863282535,-0.8329187380227616,0.8802329768935738,-0.10812266935873407,-0.21404804920696485,0.10833570759928081,0.017284683300237632
34,2,3,1,2,2008,1,0,1,0,0,0,1,0,0,1,0,1,0,0,-2.688860998231724,-1.2082830455186686,-1.5794423941669626,-1.2229114013895794,-0.5402277376458832,0.5952816485414996,1.2418612992880143,-0.9678277442885287,-0.04423958296688048,-0.17492234403350682
40,4,3,2,1,4639,5,4,5,0,0,0,0,0,0,0,0,1,0,0,-0.7260736701369939,-0.6540939422320381,0.24255548213852954,-0.8574401678286292,-0.20092371400713144,1.2128963334287333,-0.1611753346336308,0.8704024381044996,-0.9350992401192483,-0.1894384155078067
29,4,3,1,2,2297,2,2,2,0,0,0,0,0,1,1,0,1,0,0,-2.795327457682914,-0.9752878953840398,0.16815244885808436,0.8138645121180735,0.24830370736414997,1.2891212899547515,2.0523324522041877,2.8362403271012373,-0.4811531350734094,0.7222114086133028
46,4,3,5,2,19081,25,2,4,0,0,0,0,1,0,0,0,1,0,0,3.800509042363612,-0.46217959033349987,1.7575221956974085,-1.823564777811277,-1.0384340148685531,0.5010735651043169,1.4999261988121708,1.0769564759127386,0.6699555513486778,-0.815256339972927
41,3,3,3,3,8189,12,7,9,0,0,0,0,0,0,1,0,0,1,0,0.8270638490502902,2.2184015374694552,-1.589749773975827,-0.27301145264707005,0.2504771782171269,0.09462434242300659,0.6655257306302867,0.736213248724667,0.3967699586163478,0.4384097292423458
39,1,1,2,3,5736,10,2,3,1,0,0,0,0,0,0,0,1,0,0,-0.5788591621195784,-1.3401813685585855,0.10948119677205556,0.543897740754217,-0.7457571956954543,-3.316405698888407,0.958733994351519,-0.9173310167313812,-0.46270785693025235,0.18166759383956113
29,4,3,1,2,3291,8,5,7,0,0,0,0,0,0,1,0,1,0,0,-1.2006843098819298,-0.8112218017798252,-1.4779658536094462,-0.12031999124910715,-0.10268839744982933,0.9457894761475718,0.41287087024776353,1.5910914460095207,-0.4882392439434946,0.3041687547911828
52,4,3,4,4,16555,31,2,5,0,0,0,0,0,0,0,0,1,0,0,2.8303467790411285,-0.7216099193790441,0.6902282458352997,-1.6982229659464274,0.4703598641044972,-0.3231713136793824,-0.45947542051539425,1.0291636189291258,1.342689919759974,-1.095895665264426
37,3,3,1,3,2996,8,4,6,0,0,0,0,0,0,0,0,0,1,0,-1.2238282862220125,2.3140663865869993,-0.4681638219948897,-0.2830923828645852,0.21194236401397845,0.3545839455248907,-0.29572441521316073,0.1542395830478091,0.46734553727223743,0.15434919289085325
44,3,3,1,4,3195,8,2,2,0,0,0,0,0,0,1,0,0,1,0,-1.3265016569179422,2.079345896220671,-1.4963028020397309,-1.0573222534197004,0.7223697041334349,-0.45476617906075223,0.7966724208448367,0.7537402791096499,1.3072895756968317,-0.026383945699378495
45,1,3,2,1,4286,5,1,1,0,0,0,0,0,0,0,0,1,0,1,-0.9923414722994273,-0.9252182013139217,0.9124963856426981,-1.159647090793844,0.4440350335760938,0.6649821557801187,1.155843111780492,-1.222369484204863,-0.4809345386624561,0.0953537512279445
47,2,3,2,3,2976,5,0,0,0,0,0,0,0,1,0,1,1,0,0,-1.9934842824908425,-0.9277911780192659,3.058433999146845,0.5005761106017734,0.5207100057083567,0.29436584340401806,0.8349788919444845,0.6507226113658193,0.6513916750968325,0.32506181854928295
37,4,3,1,1,3034,18,7,18,0,0,0,1,0,0,1,0,1,0,0,-0.09370904643802384,-0.9309706946542549,-2.67564310654781,-0.2965922257030485,-1.2031820397784372,1.8450822633170523,-0.46590550543743947,0.042984708172750435,-1.6514302970730987,-0.21313457255422572
41,2,3,2,4,5993,8,4,6,0,0,0,0,0,0,0,1,0,1,1,-0.5508060325055852,2.355881252838199,0.8756329327048816,0.09104779784643255,0.1039071807492947,-0.5528593761100153,-0.8684734043453097,-0.5730702686144841,1.3645900935688835,0.3240328907354238
57,4,3,2,3,6755,15,2,3,0,0,1,0,0,0,0,0,1,0,0,0.47207386317364636,-0.8321473431249097,0.3632984941317222,-2.3143346916717893,2.627921498575059,-0.48592784528499616,-1.1500797211193439,0.68098910976038,-0.520222661809066,-0.04805093611271944
18,3,3,1,3,1904,0,0,0,1,0,0,1,0,0,0,1,1,0,1,-3.5656586163083426,-1.157088668444829,0.1643499713422586,0.2618524217951516,-2.4507369631258933,-1.598542444651547,-0.8658701208860868,-0.784291188312155,0.5001740134816075,1.388700098268817
32,3,3,2,4,6667,9,1,5,1,0,1,0,0,0,1,0,1,0,0,-0.6111514233179526,-1.3532520792405704,-1.4333512266077513,-0.5528743659828327,1.5117535083119427,-2.819253225839051,0.32255427556080024,0.9238435051232352,0.05436779123084066,2.6040569497647734
33,1,3,3,1,8564,11,0,0,0,0,0,0,0,0,0,1,0,1,1,-0.6862805451066428,2.4264552856718073,2.1097847535917316,-0.7157309911193579,-0.2565824654137449,-0.14737882282418915,0.843337986502056,-1.3666633602649585,-0.3325706346609504,0.6567152378568003
32,4,3,1,4,2314,4,0,3,1,0,0,1,0,0,1,0,1,0,0,-2.509263486724173,-1.4577484148720155,-2.4960290855755325,-0.7200949586392118,-1.6316003801856336,-1.7157589446927854,0.23523719247041575,0.49941785479389766,1.0064168458599119,0.8495827177443934
39,1,2,1,1,3646,11,0,1,1,0,0,1,0,0,0,1,0,1,1,-2.152028103115541,1.8227121636984134,0.5125888728205638,-0.5495999284229477,-2.249197430118391,-2.3795249588412335,0.3525640319454286,-2.806374846674683,-1.2789512924584545,0.7198517001715277
58,3,2,3,1,10008,31,9,10,0,0,0,0,0,0,0,0,0,1,1,2.7612484357436413,2.407485248354636,-0.04020232032997912,-0.8843026957221654,-0.017188255036613975,0.09572201250229438,-0.16804210239090075,-0.3018789655032772,-1.6866467011228665,-1.0131622093918897
31,2,3,2,4,6582,10,5,6,0,0,0,0,0,0,0,1,0,1,0,-0.6322130648980879,2.4011899527126674,0.7824242701804568,0.6234383941292994,-0.09862113570339102,-0.451360493479806,-0.8946763562458471,-0.4549104666352367,1.2922091188336282,0.6130868385762009
39,3,3,1,1,3904,6,2,5,0,0,0,0,0,0,0,1,1,0,1,-1.4589324321323263,-0.6013404045986018,1.5093730341152758,-0.5343415190432453,-0.43696783115727544,0.762433026577506,-0.6019025558512073,-0.0028052653825384856,-0.839258610962556,0.05759181346970321
27,3,3,3,1,7412,9,7,9,0,0,0,0,0,0,0,0,1,0,0,0.2104257107091816,-0.6317689130266874,0.11903676481346749,0.35043561727887984,-0.4320750928709275,1.35386761590644,-0.029162532527274892,0.3616934146653143,-1.034046880166799,0.5369235969011489
44,3,3,1,3,2936,6,4,6,0,0,0,0,0,0,0,1,0,1,1,-1.2699204249474112,2.433453135863624,0.7299535699055733,-0.26937646059429815,-0.09978725091437173,-0.046209492337985165,-1.1245704312184521,-0.08182409945403733,0.5157422797149982,0.10974236634982013
45,4,3,1,4,2270,8,3,5,0,0,0,1,0,0,1,0,1,0,0,-1.4836445184072755,-1.1452593192864657,-2.348592011905496,-1.2851294894000649,-0.3876594506406217,0.30357862085321996,-0.33851395003542173,0.37851155407048886,0.9781604228654195,-0.9158026695785991
40,3,2,4,2,13503,22,3,22,0,0,1,0,0,0,0,0,1,0,0,2.900507370090882,-0.7062592770657088,0.12898720368834507,-0.1905782924319845,1.8248837542475012,-0.5750317224716556,-0.9433390822429532,0.20614137811337216,-2.0998627014515505,0.3141041044254983
47,3,3,3,2,11957,14,8,13,1,0,0,0,1,0,0,0,1,0,0,2.773560576413677,-0.9064232052502162,0.23135339855350326,0.12277389507444661,-2.092020527106331,-0.6324242082388704,0.9318656314772806,0.14192249510599866,0.10048064987175316,1.3876708793489108
34,4,3,1,2,2311,9,2,3,0,0,0,0,0,0,0,1,1,0,0,-1.7276822925673785,-0.5535276444636991,1.2828127013268267,-0.4667302375846459,-0.45366945528440433,0.5181923715345755,-1.120579701038721,0.8193831559621426,-0.23331299650262344,-0.15063461912563986
44,4,3,2,4,4541,20,11,20,0,0,0,0,0,0,0,1,1,0,0,1.5077374346582721,-0.5576940051001769,-0.05134500248114784,1.1641559943296242,-0.31775418086738955,0.6358989428669477,-2.8967372771797675,0.7530787474467999,0.48137869986826415,0.002516807673433272
36,1,4,2,1,4639,17,7,15,0,0,0,0,0,0,0,0,1,0,0,0.6740050968116462,-0.7981986379057286,-0.04005074186884917,0.2618045587409413,0.19752892313490517,2.179464875959841,0.02828181048782775,-1.3578429315442577,-0.5549272464215314,1.4357446908338956
27,1,1,1,3,4621,3,2,3,1,0,0,1,0,0,0,0,1,0,0,-2.305123614237433,-1.5008131093223596,-0.9674016662373218,0.8250158326384891,-1.9522717660815216,-2.8803986499353424,0.5387565823406654,-1.9688969252159667,-0.5976574347877642,0.050589508148317267
24,1,3,1,2,3202,6,3,5,0,1,0,0,0,1,0,1,0,1,1,-2.7239376401137614,2.5381648631782823,2.2620502772977673,4.136772693132016,1.480129870791501,1.1107256114566073,1.8388275283861084,-0.8131017071833931,0.09457914363270849,-0.228451647868665
39,3,3,3,3,10938,20,6,19,0,1,1,0,0,0,0,1,1,0,0,1.9583802064839104,-0.322383535690246,0.758565026019742,2.2463488419728708,3.232278922723082,0.06643607086603184,-1.6510372886269087,-0.6815643580688185,-0.5633098510715854,-0.6652466835444396
36,4,2,1,3,3388,2,0,1,0,0,0,0,0,0,0,0,0,1,1,-2.166533556370478,2.3427510384217958,-0.11874195300215618,-0.7437229247200892,0.0013175524646860794,-0.6689643433803438,0.030200864714728735,1.0216237623473754,0.11608535171837313,-0.9376663466257082
50,3,3,3,4,9208,16,2,2,0,0,0,0,0,0,0,1,1,0,0,0.5771923335428079,-0.7103721517630406,1.6681749327513609,-1.0186439717991487,0.2281323674407722,-0.6106637530261004,-0.9930086186275002,0.22306893382513082,1.4611712757352702,-0.5936385256649684
41,4,3,4,2,16015,22,10,22,0,0,0,0,0,0,0,1,1,0,0,3.3624539043588793,-0.3916472941976861,0.8121006437647305,0.8219338642467207,-0.879602091923996,0.9640592305912736,-1.965262709194078,0.7637619724846698,-0.6967611593649916,0.21981561708058045
31,4,3,2,3,6179,10,2,10,0,0,0,0,0,0,0,0,0,1,1,-0.5782209971723798,2.4458538006543935,-0.3993504863117254,-0.23798331215211102,-0.10199997137608784,0.3683250991912065,-0.44904034941124776,0.9653873568789477,0.42474748539497537,0.10743818091179648
39,3,2,5,4,19272,21,9,21,0,0,0,0,0,0,0,0,1,0,0,4.010357953395002,-0.6887863687557451,-0.2737480074776128,1.1613719922480412,-0.2008231114499502,-0.35278588363320634,-0.8947396778642361,0.6316977365829426,0.3503946580751209,-0.5402150910562621
44,2,3,1,4,2436,6,3,4,0,0,0,0,0,0,0,1,0,1,0,-1.4748036464613938,2.3060908240269726,0.8090408835763935,-0.1822767729144155,0.25687169473075233,-0.5459370207707301,-0.8930941360864026,-0.6581702187204912,1.3720091166996435,0.17205398428541366
33,4,2,2,2,4320,5,3,5,0,0,0,0,0,0,0,1,1,0,0,-1.196251109563787,-0.5427345990199579,1.2714768894611361,0.12081864193864923,-0.7237953549363982,-0.23857003066406132,-1.0047009134676443,0.9877597768917508,-0.7861234212937025,-0.7126934769685458
33,3,3,2,3,7104,6,0,5,0,0,0,0,0,0,1,0,1,0,0,-0.9181415432786009,-0.9394553426036895,-0.8654064018280323,-0.6933138779356692,0.31995909645185217,0.08645070381286395,1.1336616948811846,1.076308863188612,0.6455462692295775,0.14173125770677522
37,3,2,2,4,5731,9,2,6,0,0,1,0,0,0,1,0,1,0,0,-0.34911570056306684,-1.0470356314563825,-1.2082530522703039,-0.6569922449532603,2.5060947836732903,-1.6280434980684153,0.07606827641376687,1.0234145667764587,-0.46079188741489574,0.2780769835384228
37,3,3,1,1,3452,17,4,5,0,0,0,1,0,0,0,0,1,0,0,-1.1006500448818441,-0.9017773435132791,-0.6158684672873416,-1.0807430254605828,-0.9934204881652903,1.443499149394754,-0.4366257633314836,-1.122589797448361,-1.101320724379275,-0.6012808896870735
27,3,3,1,1,3041,5,3,4,0,0,0,0,0,1,1,0,1,0,1,-2.4210106635861344,-0.989240808563878,0.2895740838445031,1.1000848166885515,0.16070996332361817,1.6221954340489664,2.462743946783882,2.0496110476850236,-1.199177262852022,1.0884810768050517
29,3,2,1,2,2546,6,2,2,0,1,0,0,0,0,0,0,1,0,1,-1.9772465997036766,-0.5061622648177014,0.0826344130198581,1.9275876343767853,1.4156761065509729,0.37805622047393767,0.8702577516689692,-0.2435661244237758,-0.3468835040325451,-2.5139034390384167
44,1,2,3,4,10248,24,6,22,0,0,1,0,0,0,0,0,1,0,0,2.756686193465997,-0.9681660210764996,-0.37462212218503776,0.6086712951622983,2.521276235745383,-1.1276401436691854,-1.180166235681127,-1.1150072255447412,-0.741152911262161,0.5568175982608754
23,1,4,1,1,2819,5,2,3,0,0,0,0,0,0,0,0,1,0,0,-2.051087246482496,-0.8353477854294549,0.5059361856237501,-0.19290177017923557,0.1739352753443685,1.8013353358928261,0.8838831867455702,-1.0808467545602303,-0.12484327923152712,1.4978754837842412
43,4,4,1,4,2089,7,4,5,1,0,0,0,0,0,1,0,1,0,0,-1.1315407501565438,-1.280108000267912,-1.9375271697131207,-0.6137929720018694,-0.39029638966172286,-0.9962052435639084,0.09868658099453319,1.4325857333641105,1.4849877363918993,1.968860253956919
29,2,3,1,3,3339,10,7,7,0,1,0,1,0,0,1,0,0,1,1,-1.5288255101992059,2.2316083619490046,-2.8150954565123754,2.068801443002012,0.8452940220141888,0.8538259050896251,1.0968315936224193,-1.8145376339517554,0.6119824637473505,-1.4699053558159387
27,4,2,1,1,4774,8,6,7,0,0,0,0,0,0,0,0,1,0,0,-1.0812681637559727,-0.6220060927237493,-0.15673516776889532,0.3749241836594795,-0.625315504536617,0.7485076841737447,-0.3249295890204673,1.0461028429865815,-1.7362202694139146,-0.5085816354046874
46,3,3,3,2,7314,14,7,8,0,0,0,0,0,0,0,0,1,0,1,1.0445125245674685,-0.7396530435211741,0.12327949772090026,-0.49422060612841173,0.11656693995186858,0.8675476086591574,-0.34576902344659766,0.17934815090113312,-0.2917979648336468,-0.13612487753477798
32,3,3,1,3,3038,8,4,5,0,0,0,0,0,0,0,1,1,0,0,-1.4739614551694675,-0.6491207371148203,1.015797988074416,0.278952622428939,-0.2644489220731056,0.2870496359516241,-1.2171605231454325,0.25726764305967875,0.4413450040633394,0.17217228846627566
37,1,3,3,2,7642,10,0,10,1,0,0,0,0,0,0,1,0,1,0,-0.14745269047440535,2.053883485426813,1.1848598827911867,0.2325717094885256,-1.1993711199819714,-2.0790012032947294,0.3681551711895372,-1.4665658921112088,0.026505977807408047,2.201464270274935
30,3,3,2,1,3072,12,9,12,1,0,0,1,0,0,1,0,1,0,0,-0.44721552780006424,-1.3249301217652734,-2.7705259864247473,0.45371914316642586,-2.2620906964665144,-0.24364824426691792,0.28649337737962904,-0.5532406063925339,-1.5443124738382177,1.7528989103414452
38,4,2,2,4,4028,8,7,7,0,0,0,0,0,0,0,1,1,0,0,-0.44253709832050053,-0.6197948653822618,0.6418077692674697,0.7048196393796208,-0.39670670052397694,-0.6464345203770736,-1.891915256398233,1.0704655294486949,0.41358937355397357,-0.8263971400524471
33,4,3,2,4,5505,6,2,6,0,0,0,0,0,0,1,0,1,0,0,-0.8594242355228675,-0.8990625319171046,-1.3389928037752503,-0.41691756665678775,0.3046757271083904,0.008434991312786067,0.3483045721669263,1.8319874566750605,1.1476700597077403,-0.030931345510374183
43,4,3,2,3,5679,10,7,8,0,0,0,1,0,0,1,0,0,1,0,-0.37831758441890595,2.0805580738348,-2.67156144946534,-0.9081500544226794,-0.7854718889217729,0.493394931328015,-0.17710736393913548,0.13997621794691617,0.19031612482572544,-0.36535658070326854
32,2,3,2,2,6220,10,4,10,0,0,0,0,0,0,0,0,1,0,0,-0.22346601348167894,-0.7918883363640334,0.10632789336262474,0.19813036836984452,0.04719379803809946,0.8981738697209568,0.1034316242465453,-0.3364766683162183,-0.2277555345954349,0.4100587232429212
31,2,3,1,3,3477,6,2,5,0,0,0,1,0,0,0,0,1,0,0,-2.010618555955909,-1.0562743545212436,-0.761590515576362,-0.4163059495110583,-0.65854807230957,0.7101146286383142,-0.3200740728538303,-1.4391308998753827,0.5132210649635693,-0.30171746980625114
52,4,3,2,3,3149,9,2,5,0,0,0,1,0,0,0,0,1,0,0,-0.8466898626289628,-0.964415624588964,-0.7276933696705481,-1.7703887787722925,-0.5551343687195952,0.6514767268234184,-1.0145449658082184,-0.3318676424989233,0.4372543698468552,-1.3091112802679539
44,4,4,4,4,13320,23,11,12,0,0,0,0,0,0,0,0,0,1,0,2.8218683840993433,2.4821913934092956,-0.6653243179297673,-0.20271379572198792,0.17941082455561813,0.9481492374919395,-1.3182757303020503,0.8156815643012495,1.4729586006795123,0.67490342357533
29,1,2,1,4,2532,8,3,4,0,0,0,1,0,0,1,0,1,0,0,-1.9524184504529083,-1.335891170214466,-2.1109287602317646,0.1806926251812781,-0.379957805548778,-0.6516162630170659,0.8523294341845814,-1.3776736765059707,0.626704764437293,-0.6129353994365622
33,3,3,1,4,2436,8,4,5,0,0,0,1,0,0,0,0,0,1,1,-1.9071172253093331,2.1058578978593707,-1.4534021592312532,-0.4114784339035597,-0.6587940923793709,0.28272370825795057,-0.8991593214086406,-0.9047615971184689,1.0856748565101386,-0.3507608699681542
31,2,1,2,3,4559,4,2,2,0,0,0,0,0,0,0,0,0,1,1,-1.441212916558105,2.220099448447782,0.011914757754382048,0.32577592363922364,-0.012273401246466366,-1.5540317470989602,0.7112862274783222,-0.17940705649836686,-0.35352130585648883,-1.0329772066256244
37,2,3,3,4,12185,10,8,10,0,0,0,0,1,0,1,0,0,1,0,2.0672490268793187,2.2784426423571498,-1.0744875855102927,0.3130376392025976,-0.6324955352434447,0.036267066324980474,2.027618494314706,0.30731070274961325,1.7691719112515472,0.6758824200931032
38,4,3,1,3,3306,7,0,0,0,0,0,1,0,0,0,0,1,0,0,-2.2373777039866254,-0.9489296053173525,-0.5762613250253429,-1.5880746661805993,-0.7167306322094732,0.5787832682773904,-0.667592622347159,-0.13897249064763198,0.5489403853405319,-1.093960053061965
33,4,3,1,2,2756,8,7,8,0,0,0,0,0,0,0,0,1,0,0,-0.933511013916651,-0.6670715761897607,-0.43286550824101055,0.12425291102937308,-0.21098440038372684,1.2819389795246272,-0.8518209685767936,0.956928940398749,-0.530361987536518,0.05652474486702512
